code,name,star,bd,sd,ret,pnl,exit
600030,中信证券,False,2021-01-04,2021-02-02,-0.04349334534821256,-144977.81782737523,rebal
688037,芯源微,False,2021-01-04,2021-02-02,-0.01714417174592702,-57147.23915309008,rebal
002050,三花智控,False,2021-01-04,2021-02-02,-0.13142312116164326,-438077.0705388108,rebal
600900,长江电力,False,2021-02-02,2021-03-10,0.019896511827505233,37245.46581457421,rebal
300620,光库科技,False,2021-02-02,2021-03-10,-0.1434441796924087,-268521.7055809499,rebal
688126,沪硅产业 - U,True,2021-02-02,2021-03-10,-0.12313509384392642,-230503.9178776194,rebal
600111,北方稀土,False,2021-02-02,2021-03-10,0.12123252855731613,226942.39257324522,rebal
300661,圣邦股份,False,2021-02-02,2021-03-10,-0.21829430409654915,-408638.11261150823,rebal
300476,胜宏科技,False,2021-03-10,2021-04-09,0.11577437076729025,336375.56478429487,rebal
688256,寒武纪,True,2021-03-10,2021-04-09,-0.10992221307878408,-319372.4678585098,rebal
601899,紫金矿业,False,2021-03-10,2021-04-09,-0.029700954734640964,-86294.36167335488,rebal
300308,中际旭创,False,2021-04-09,2021-05-13,-0.049488251695532226,-85585.2866375521,rebal
601689,拓普集团,False,2021-04-09,2021-05-13,-0.17199674903019183,-297452.23486658407,rebal
601088,中国神华,False,2021-04-09,2021-06-11,0.1677816012433278,290162.53237764025,rebal
300661,圣邦股份,False,2021-04-09,2021-06-11,0.14289903794998782,258259.86077525798,rebal
688037,芯源微,False,2021-04-09,2021-06-11,0.4216853609521291,729265.2549131329,rebal
300476,胜宏科技,False,2021-05-13,2021-06-11,-0.12491472124336248,-207485.9241710394,rebal
300394,天孚通信,False,2021-05-13,2021-06-11,0.1980780414382897,264804.85179973894,rebal
300373,扬杰科技,False,2021-06-11,2021-07-13,0.24757299465257168,594113.2805635139,rebal
688195,腾景科技,True,2021-06-11,2021-07-13,-0.037967436115806066,-91112.35277095625,rebal
300757,罗博特科,False,2021-06-11,2021-07-13,0.058407352311241736,140163.04055843153,rebal
002050,三花智控,False,2021-06-11,2021-07-13,0.08256396003515751,198132.85864089997,rebal
000657,中钨高新,False,2021-07-13,2021-08-11,0.26572001176588467,554839.1476752519,rebal
688037,芯源微,False,2021-07-13,2021-08-11,0.23986004738668557,500842.00798029825,rebal
300394,天孚通信,False,2021-07-13,2021-08-11,0.31388901945607856,655418.8932261331,rebal
603186,华正新材,False,2021-07-13,2021-08-11,0.09635514450616907,201195.2577325319,rebal
000938,紫光股份,False,2021-07-13,2021-08-11,0.13431447994418955,280456.60196017905,rebal
600183,生益科技,False,2021-08-11,2021-09-09,-0.16202175642915173,-409365.7420467902,rebal
601995,中金公司,True,2021-08-11,2021-09-09,0.037758403098716795,95400.7476753099,rebal
300373,扬杰科技,False,2021-08-11,2021-09-09,-0.1603249477803413,-405078.56884893985,rebal
688195,腾景科技,True,2021-08-11,2021-09-09,0.047654152913817964,120403.44518612028,rebal
301018,申菱环境,True,2021-08-11,2021-09-09,-0.21944048420907422,-554440.4568446693,rebal
600900,长江电力,False,2021-09-09,2021-10-19,0.050153616343157854,115152.38158834194,rebal
002371,北方华创,False,2021-09-09,2021-10-19,0.008213294073305814,18857.670536764897,rebal
300604,长川科技,False,2021-09-09,2021-10-19,0.055881152966940136,128302.76895722719,rebal
603986,兆易创新,False,2021-09-09,2021-10-19,-0.04499905278797163,-103317.53671161471,rebal
000657,中钨高新,False,2021-09-09,2021-10-19,0.0860641157904339,197602.65809656435,rebal
600276,恒瑞医药,False,2021-10-19,2021-11-17,0.08092244699602145,191568.77512754514,rebal
601869,长飞光纤,False,2021-10-19,2021-11-17,-0.024822502698916275,-58762.63773715795,rebal
300475,香农芯创,False,2021-10-19,2021-11-17,0.07903328708108064,187096.54196654022,rebal
600460,士兰微,False,2021-10-19,2021-11-17,-0.00174253962162893,-4125.1370085618155,rebal
002384,东山精密,False,2021-10-19,2021-12-16,0.34916029192966364,690186.1463483586,rebal
300757,罗博特科,False,2021-11-17,2021-12-16,0.1717949993403075,441992.00522515655,rebal
300604,长川科技,False,2021-11-17,2021-12-16,0.1897939389292493,488299.44974561123,rebal
688037,芯源微,False,2021-11-17,2021-12-16,-0.024724860963130427,-63611.81011072177,rebal
600183,生益科技,False,2021-11-17,2021-12-16,-0.07538141620800787,-193940.35585686727,rebal
600900,长江电力,False,2021-12-16,2022-01-17,0.026835377384886238,73157.4131967509,rebal
601600,中国铝业,False,2021-12-16,2022-01-17,-0.0561716530264608,-153132.66407483903,rebal
601689,拓普集团,False,2021-12-16,2022-01-17,0.2091631356203224,570211.2446058616,rebal
603986,兆易创新,False,2021-12-16,2022-01-17,-0.06136768259623657,-167297.84896367576,rebal
000657,中钨高新,False,2021-12-16,2022-01-17,-0.08366406484814565,-228081.25535296998,rebal
601899,紫金矿业,False,2022-01-17,2022-02-22,0.1805250946845114,619455.3749248117,rebal
688981,中芯国际,True,2022-01-17,2022-02-22,-0.02838449345318129,-97398.79690864855,rebal
300757,罗博特科,False,2022-01-17,2022-02-22,-0.25770169556251354,-884279.8322439144,rebal
600030,中信证券,False,2022-01-17,2022-03-23,-0.16390398414078253,-562421.5521118348,rebal
300394,天孚通信,False,2022-02-22,2022-03-22,-0.2934988095427769,-781816.9194114762,trail
601088,中国神华,False,2022-02-22,2022-03-23,-0.010291818612207152,-27415.163744862668,rebal
300661,圣邦股份,False,2022-02-22,2022-03-23,0.04627218608096971,89798.39564621981,rebal
601398,工商银行,False,2022-02-22,2022-05-27,-0.04049450516260927,-82043.65837066632,rebal
002466,天齐锂业,False,2022-03-23,2022-04-25,-0.3107245605921026,-739650.2164937548,trail
688126,沪硅产业 - U,True,2022-03-23,2022-04-25,-0.1567538939610842,-373137.71200969495,rebal
601995,中金公司,True,2022-03-23,2022-04-25,-0.11214667799130631,-266954.48373073776,rebal
300604,长川科技,False,2022-03-23,2022-04-25,-0.2866658811060435,-652665.5183443818,rebal
600900,长江电力,False,2022-04-25,2022-05-27,0.03591550827878086,71947.84458924833,rebal
300054,鼎龙股份,False,2022-04-25,2022-05-27,0.18913481646998656,378884.8615526405,rebal
688008,澜起科技,False,2022-04-25,2022-05-27,0.08762281521980397,175530.65497423266,rebal
300475,香农芯创,False,2022-04-25,2022-05-27,0.010807136149686994,21649.426373617818,rebal
688037,芯源微,False,2022-05-27,2022-06-28,0.18233603014634167,386735.62379048363,rebal
002371,北方华创,False,2022-05-27,2022-06-28,0.08522044234898353,180752.9806647836,rebal
601899,紫金矿业,False,2022-05-27,2022-06-28,-0.051244599629517405,-108690.04983660724,rebal
300604,长川科技,False,2022-05-27,2022-06-28,0.15480156244124768,328334.8812980536,rebal
300757,罗博特科,False,2022-05-27,2022-07-27,0.76635305611403,1185965.9479744479,rebal
002050,三花智控,False,2022-06-28,2022-07-27,0.11984314839952218,305970.77429139835,rebal
300666,江丰电子,False,2022-06-28,2022-07-27,0.16343385246337933,417261.92153214244,rebal
688008,澜起科技,False,2022-06-28,2022-07-27,-0.04155934272295168,-106104.89161709818,rebal
300308,中际旭创,False,2022-06-28,2022-07-27,0.057590769042701176,147034.6234336967,rebal
300604,长川科技,False,2022-07-27,2022-08-25,0.11075321156536623,303686.3668282637,rebal
000657,中钨高新,False,2022-07-27,2022-08-25,-0.23610097591731552,-647391.1371736557,rebal
002466,天齐锂业,False,2022-07-27,2022-08-25,-0.06148893117673322,-168603.2381841524,rebal
601138,工业富联,False,2022-07-27,2022-08-25,-0.024830632506462287,-68085.83214297853,rebal
601869,长飞光纤,False,2022-07-27,2022-09-26,0.3572390120608413,874263.1323172351,rebal
601899,紫金矿业,False,2022-08-25,2022-09-26,-0.17592014265325998,-470969.4237021009,rebal
002837,英维克,False,2022-08-25,2022-09-26,-0.1304800159192399,-349318.14501337666,rebal
300757,罗博特科,False,2022-08-25,2022-09-26,-0.16412025884285794,-439379.04187248606,rebal
600183,生益科技,False,2022-08-25,2022-09-26,-0.22304485088143108,-597130.6258340052,rebal
300476,胜宏科技,False,2022-09-26,2022-11-01,-0.005184863993465231,-21039.23311065295,rebal
002050,三花智控,False,2022-09-26,2022-11-01,-0.233280811280936,-946611.0152489506,rebal
601689,拓普集团,False,2022-09-26,2022-11-01,-0.12629519264648367,-512482.8736478235,rebal
300308,中际旭创,False,2022-11-01,2022-11-30,-0.043578952750467324,-93200.73835241575,rebal
603259,药明康德,False,2022-11-01,2022-11-30,-0.04624896319422528,-98910.99362614383,rebal
601869,长飞光纤,False,2022-11-01,2022-11-30,-0.22170511531126072,-474152.7535513205,rebal
688981,中芯国际,True,2022-11-01,2022-11-30,-0.02792315196130296,-59718.240473142956,rebal
000977,浪潮信息,False,2022-11-01,2022-12-29,-0.08713397746855593,-186350.3026828722,rebal
300620,光库科技,False,2022-11-30,2022-12-29,-0.14258850183427255,-281500.54467952927,rebal
603186,华正新材,False,2022-11-30,2022-12-29,0.026310971872105193,51943.54956933244,rebal
601689,拓普集团,False,2022-11-30,2022-12-29,-0.14308519838573167,-272723.8876236437,rebal
300757,罗博特科,False,2022-11-30,2023-02-06,0.2759556386815961,581168.4059510824,rebal
688256,寒武纪,True,2022-12-29,2023-02-06,0.30945310305060314,739869.8837773867,rebal
002460,赣锋锂业,False,2022-12-29,2023-02-06,0.07755661998490457,185429.73668296024,rebal
601138,工业富联,False,2022-12-29,2023-02-06,0.030065129076555962,71882.56745961956,rebal
688981,中芯国际,True,2023-02-06,2023-03-07,-0.013212582363133683,-28689.951414826115,rebal
300308,中际旭创,False,2023-02-06,2023-03-07,0.07486546862367252,162563.72890847432,rebal
002466,天齐锂业,False,2023-02-06,2023-03-07,-0.14220169520298448,-308778.3761229794,rebal
300661,圣邦股份,False,2023-02-06,2023-03-07,-0.15069682878520543,-327224.8056730747,rebal
603186,华正新材,False,2023-02-06,2023-03-07,0.11409591088470313,247749.15682236818,rebal
688072,拓荆科技,True,2023-03-07,2023-04-06,0.22463350045233874,476343.269233158,rebal
601995,中金公司,True,2023-03-07,2023-04-06,-0.07057349607420443,-149653.59028598078,rebal
688012,中微公司,False,2023-03-07,2023-04-06,0.4432861660298177,940003.9669384826,rebal
002384,东山精密,False,2023-03-07,2023-04-06,0.03917229905727607,83066.24327514709,rebal
002837,英维克,False,2023-03-07,2023-04-06,0.12222884612267025,259190.5839486426,rebal
600030,中信证券,False,2023-04-06,2023-05-10,0.04611129839782263,112618.79545861486,rebal
600900,长江电力,False,2023-04-06,2023-05-10,0.060103567809704966,146792.47049382096,rebal
002460,赣锋锂业,False,2023-04-06,2023-05-10,0.001329815807762669,3247.8429290797953,rebal
300757,罗博特科,False,2023-04-06,2023-05-10,0.16151630502205191,394475.37481114676,rebal
600183,生益科技,False,2023-04-06,2023-06-08,-0.22778282498664656,-709154.8260888287,rebal
688126,沪硅产业 - U,True,2023-05-10,2023-06-08,-0.0783948959285892,-191194.7214185548,rebal
688195,腾景科技,True,2023-05-10,2023-06-08,0.1739400789111758,424216.71126698545,rebal
601398,工商银行,False,2023-05-10,2023-06-08,0.00869373379231863,21202.860094661643,rebal
300476,胜宏科技,False,2023-05-10,2023-06-08,0.5046098398309559,1230676.2654474943,rebal
000977,浪潮信息,False,2023-06-08,2023-07-10,0.048282611942700684,131758.49495244533,trail
300394,天孚通信,False,2023-06-08,2023-07-11,0.37816032728228727,1031962.3062764098,rebal
002837,英维克,False,2023-06-08,2023-07-11,0.062227611577660574,169813.02618193254,rebal
603186,华正新材,False,2023-06-08,2023-07-11,0.036052648848520316,98384.12961103661,rebal
300757,罗博特科,False,2023-06-08,2023-07-11,0.0462060259354401,126091.69616200979,rebal
300475,香农芯创,False,2023-07-11,2023-08-09,-0.10525802572123727,-320043.3687611849,trail
300054,鼎龙股份,False,2023-07-11,2023-08-09,-0.016733633631747482,-50879.62122055441,rebal
600111,北方稀土,False,2023-07-11,2023-08-09,-0.013372317789682984,-40659.337891151146,rebal
601600,中国铝业,False,2023-07-11,2023-08-09,0.09806474255232657,298171.7579072221,rebal
688502,茂莱光学,True,2023-07-11,2023-08-09,-0.017791689548503395,-54096.70398090438,rebal
000657,中钨高新,False,2023-08-09,2023-09-07,-0.03962175950430449,-119144.96030869147,rebal
600030,中信证券,False,2023-08-09,2023-09-07,-0.1074812689342693,-323202.49482383754,rebal
600276,恒瑞医药,False,2023-08-09,2023-09-07,-0.004971774378242774,-14950.417860548332,rebal
002466,天齐锂业,False,2023-08-09,2023-09-07,-0.12587132254408534,-378502.4672336495,rebal
603259,药明康德,False,2023-08-09,2023-09-07,-0.00614970134826938,-18492.5135131937,rebal
601138,工业富联,False,2023-09-07,2023-10-16,-0.10712351994826999,-303823.75107797276,rebal
688502,茂莱光学,True,2023-09-07,2023-10-16,-0.16462589207601983,-466911.9916825662,rebal
300666,江丰电子,False,2023-09-07,2023-10-16,0.0034534182033502535,9794.585475621987,rebal
301018,申菱环境,True,2023-09-07,2023-10-16,0.09850193047134485,279371.19708797405,rebal
300308,中际旭创,False,2023-09-07,2023-10-16,-0.06757761538466578,-191663.64776837462,rebal
300757,罗博特科,False,2023-10-16,2023-11-14,-0.010989105851744582,-29687.6573820995,rebal
601398,工商银行,False,2023-10-16,2023-11-14,-0.03929095271406719,-106146.61084607878,rebal
603738,泰晶科技,False,2023-10-16,2023-11-14,-0.038042219442863394,-102773.09110595894,rebal
600460,士兰微,False,2023-10-16,2023-11-14,0.06283816636460864,169760.66831276435,rebal
601689,拓普集团,False,2023-10-16,2023-12-13,0.11671685028097166,315316.81545402476,rebal
688195,腾景科技,True,2023-11-14,2023-12-13,0.028538508787784564,77144.41051451539,rebal
300373,扬杰科技,False,2023-11-14,2023-12-13,-0.11532821184036697,-311751.6400130355,rebal
002050,三花智控,False,2023-11-14,2023-12-13,0.06311927193329551,170622.05532910328,rebal
688409,富创精密,True,2023-11-14,2023-12-13,-0.09303356424225488,-244479.22817724885,rebal
601398,工商银行,False,2023-12-13,2024-01-12,-0.0018387846226800622,-4944.776209242017,rebal
601138,工业富联,False,2023-12-13,2024-01-12,-0.16991230827968726,-456920.47305367276,rebal
688261,东微半导,True,2023-12-13,2024-01-12,-0.19439439857931265,-522756.59990231774,rebal
002466,天齐锂业,False,2023-12-13,2024-01-12,0.11491773105267143,309031.5502536119,rebal
002371,北方华创,False,2023-12-13,2024-02-20,0.11897116420749633,319931.85885012243,rebal
603186,华正新材,False,2024-01-12,2024-02-02,-0.3318130045295217,-851088.7981631781,trail
688072,拓荆科技,True,2024-01-12,2024-02-20,-0.07285804831989669,-186878.35598552818,rebal
301308,江波龙,True,2024-01-12,2024-02-20,0.10401377789652884,266791.71706331463,rebal
600584,长电科技,False,2024-01-12,2024-02-20,-0.0692124855158848,-165150.18074018016,rebal
603296,华勤技术,True,2024-02-20,2024-03-20,0.28286405603591774,687631.7478938145,rebal
600460,士兰微,False,2024-02-20,2024-03-20,0.1247232965012254,303197.5839493935,rebal
688409,富创精密,True,2024-02-20,2024-03-20,0.25853412229830175,628486.6055360553,rebal
603986,兆易创新,False,2024-02-20,2024-03-20,0.09295762562578097,225976.4477852147,rebal
600111,北方稀土,False,2024-02-20,2024-03-20,0.10546103512108163,256371.76010016634,rebal
002384,东山精密,False,2024-03-20,2024-04-22,-0.15517123136648306,-442438.9167241313,rebal
603259,药明康德,False,2024-03-20,2024-04-22,-0.18432973848858095,-525578.4148822959,rebal
300475,香农芯创,False,2024-03-20,2024-04-22,-0.1884059863422084,-537200.9989706989,rebal
600900,长江电力,False,2024-03-20,2024-04-22,0.031427114923223726,89607.96766222783,rebal
688008,澜起科技,False,2024-03-20,2024-04-22,-0.026094746716052806,-74403.81420943452,rebal
002050,三花智控,False,2024-04-22,2024-05-24,0.04115557558134068,105082.19820651016,rebal
600276,恒瑞医药,False,2024-04-22,2024-05-24,0.006981454621864544,17825.691609987876,rebal
000657,中钨高新,False,2024-04-22,2024-05-24,-0.006977323697981499,-17815.144155454134,rebal
601398,工商银行,False,2024-04-22,2024-05-24,-0.015697610646846584,-40080.58227980253,rebal
688037,芯源微,False,2024-04-22,2024-05-24,-0.09995524397542593,-255214.9158610705,rebal
603186,华正新材,False,2024-05-24,2024-06-25,-0.1459707671624106,-367153.1706356678,rebal
688502,茂莱光学,True,2024-05-24,2024-06-25,-0.050212961822916596,-126298.22051821786,rebal
300373,扬杰科技,False,2024-05-24,2024-06-25,0.08995592741739576,226261.76878293406,rebal
603259,药明康德,False,2024-05-24,2024-06-25,-0.06526753040540613,-164164.24462058692,rebal
688347,华虹宏力,True,2024-05-24,2024-06-25,0.11829146399400048,297532.76569554326,rebal
601869,长飞光纤,False,2024-06-25,2024-07-24,-0.04735123487872463,-117832.93904985175,rebal
002460,赣锋锂业,False,2024-06-25,2024-07-24,-0.029437235916899996,-73254.18301077283,rebal
301018,申菱环境,True,2024-06-25,2024-07-24,0.03331510719657525,82904.21582008513,rebal
688503,聚和材料,True,2024-06-25,2024-07-24,-0.07518522597902942,-187097.46795255961,rebal
688409,富创精密,True,2024-06-25,2024-08-22,-0.15070155716681785,-394717.7831106637,rebal
688037,芯源微,False,2024-07-24,2024-08-22,-0.05318591729044387,-126688.23761977609,rebal
688256,寒武纪,True,2024-07-24,2024-08-22,-0.009119116092187594,-21721.628679646008,rebal
600030,中信证券,False,2024-07-24,2024-08-22,-0.01564496416613979,-37266.12304172704,rebal
603738,泰晶科技,False,2024-07-24,2024-09-24,-0.06398560767497864,-152412.97475619437,rebal
603186,华正新材,False,2024-08-22,2024-09-24,-0.06289765038810842,-144828.08510471715,rebal
601869,长飞光纤,False,2024-08-22,2024-09-24,0.043766400208437764,100776.48203076798,rebal
300620,光库科技,False,2024-08-22,2024-09-24,-0.0460287772604204,-105985.82982359824,rebal
002466,天齐锂业,False,2024-08-22,2024-09-24,0.055375262953540665,126088.10548537683,rebal
688502,茂莱光学,True,2024-09-24,2024-10-30,1.3630361680666734,3105105.229359091,rebal
300757,罗博特科,False,2024-09-24,2024-10-30,1.4953583578015974,3406545.7435084265,rebal
688256,寒武纪,True,2024-09-24,2024-10-30,1.0002503884532565,2278650.2549378746,rebal
300666,江丰电子,False,2024-09-24,2024-10-30,0.4318676945914035,983829.092935285,rebal
603259,药明康德,False,2024-09-24,2024-10-30,0.23697004256565765,539836.6790338001,rebal
300620,光库科技,False,2024-10-30,2024-11-28,-0.05113327815842374,-221963.07934285,rebal
002851,麦格米特,False,2024-10-30,2024-11-28,-0.12012039411734873,-521427.4056037834,rebal
688141,杰华特,True,2024-10-30,2024-11-28,-0.020769305313287193,-90156.92185558777,rebal
301018,申菱环境,True,2024-10-30,2024-11-28,0.12343613632580101,535820.6222603588,rebal
688195,腾景科技,True,2024-10-30,2024-12-27,0.21210275708085083,819625.5341815245,rebal
002460,赣锋锂业,False,2024-11-28,2024-12-27,-0.12973240017375323,-571028.0060592747,rebal
300475,香农芯创,False,2024-11-28,2024-12-27,0.04171914905064466,183630.32261002602,rebal
688347,华虹宏力,True,2024-11-28,2024-12-27,0.0633759523842036,278954.55316937057,rebal
300661,圣邦股份,False,2024-11-28,2024-12-27,-0.00742670945024501,-32689.2825791792,rebal
300620,光库科技,False,2024-12-27,2025-02-05,-0.05306101394769858,-235050.87561117279,rebal
000977,浪潮信息,False,2024-12-27,2025-02-05,0.03639629498325461,161229.12791016477,rebal
601869,长飞光纤,False,2024-12-27,2025-02-05,0.18495249521541743,819306.7322404735,rebal
002851,麦格米特,False,2024-12-27,2025-02-05,-0.07506656604867205,-332531.5663258183,rebal
688702,盛科通信 - U,True,2024-12-27,2025-03-06,-0.14615287035445654,-692272.0576094623,rebal
688498,源杰科技,True,2025-02-05,2025-03-06,0.028459440604809965,126825.48575379708,rebal
301165,锐捷网络,True,2025-02-05,2025-03-06,0.23747827434852503,1058288.4575438509,rebal
688502,茂莱光学,True,2025-02-05,2025-03-06,0.2000405956074804,891452.7190007286,rebal
688503,聚和材料,True,2025-02-05,2025-03-06,-0.09053236206721042,-403444.71119618684,rebal
301018,申菱环境,True,2025-03-06,2025-04-07,-0.39741249713817867,-1871249.8086530399,trail
688008,澜起科技,False,2025-03-06,2025-04-07,-0.19477775239341039,-917127.253221005,rebal
603738,泰晶科技,False,2025-03-06,2025-04-07,-0.18865668104286817,-888305.6794760023,rebal
688261,东微半导,True,2025-03-06,2025-04-07,-0.2704300679496447,-1273342.475510659,rebal
300054,鼎龙股份,False,2025-03-06,2025-04-07,-0.12695344226825947,-597770.8458164717,rebal
601600,中国铝业,False,2025-04-07,2025-05-09,-0.011788480075413731,-53033.778251895994,rebal
300373,扬杰科技,False,2025-04-07,2025-05-09,0.20237270313582276,910430.2669795476,rebal
688627,精智达,True,2025-04-07,2025-05-09,0.09513926488400837,428010.62093068974,rebal
300394,天孚通信,False,2025-04-07,2025-05-09,0.16387483430161232,737236.8250885716,rebal
603986,兆易创新,False,2025-05-09,2025-06-10,-0.047242617522570626,-236422.89073842732,rebal
603186,华正新材,False,2025-05-09,2025-06-10,-0.029913477902609578,-149700.23442067317,rebal
688726,拉普拉斯,True,2025-05-09,2025-06-10,-0.009693198745053118,-48509.040946189634,rebal
688498,源杰科技,True,2025-05-09,2025-06-10,0.027118822497050218,135714.54640742004,rebal
301392,汇成真空,True,2025-06-10,2025-07-09,0.14500001713488142,571846.6093173703,rebal
688627,精智达,True,2025-06-10,2025-07-09,0.1215285946628357,479280.7350388214,rebal
300475,香农芯创,False,2025-06-10,2025-07-09,0.05508077562408335,217225.86935905804,rebal
600111,北方稀土,False,2025-06-10,2025-07-09,-0.011631801292223664,-45873.140297797865,rebal
688072,拓荆科技,True,2025-06-10,2025-08-07,0.14431496580495282,569144.9249454049,rebal
688347,华虹宏力,True,2025-07-09,2025-08-07,0.24946157048360967,1069744.9058783264,rebal
601138,工业富联,False,2025-07-09,2025-08-07,0.36845731279700716,1580024.2603864814,rebal
002050,三花智控,False,2025-07-09,2025-08-07,0.06827867267128312,282189.70442798105,rebal
002460,赣锋锂业,False,2025-07-09,2025-09-05,0.28344230560173156,1329858.703058476,rebal
301308,江波龙,True,2025-08-07,2025-09-05,0.050662219665336766,250152.50769649286,rebal
300661,圣邦股份,False,2025-08-07,2025-09-05,-0.06526003592316545,-322231.47241439624,rebal
601600,中国铝业,False,2025-08-07,2025-09-05,0.03325086766553064,164181.2771837112,rebal
688008,澜起科技,False,2025-08-07,2025-09-05,0.15841583674342977,782202.5778179799,rebal
300308,中际旭创,False,2025-09-05,2025-10-14,-0.15509830968484561,-826568.3292559214,rebal
688627,精智达,True,2025-09-05,2025-10-14,0.4104542803536373,2187441.690610487,rebal
688498,源杰科技,True,2025-09-05,2025-10-14,-0.0777866506378816,-414549.85542276414,rebal
688503,聚和材料,True,2025-09-05,2025-10-14,0.100894367586497,537698.2445312369,rebal
688347,华虹宏力,True,2025-09-05,2025-11-12,0.56048386748611,2098345.8848451814,rebal
600584,长电科技,False,2025-10-14,2025-11-12,-0.08263154578046496,-526469.6061921623,rebal
301629,矽电股份,True,2025-10-14,2025-11-12,0.07184949732016613,457774.0401922302,rebal
002050,三花智控,False,2025-10-14,2025-11-12,0.08592889988400854,547478.0080073817,rebal
603186,华正新材,False,2025-10-14,2025-11-12,-0.0622336805428156,-396508.8753671939,rebal
688072,拓荆科技,True,2025-11-12,2025-12-11,-0.0799309034874142,-502119.44496931415,rebal
002851,麦格米特,False,2025-11-12,2025-12-11,-0.06580656361388655,-413391.48884192755,rebal
688726,拉普拉斯,True,2025-11-12,2025-12-11,-0.16040208205108894,-1007632.854095,rebal
002466,天齐锂业,False,2025-11-12,2025-12-11,-0.02533264118970078,-159137.59483254454,rebal
688981,中芯国际,True,2025-11-12,2025-12-11,-0.056948037660517176,-357742.94815387594,rebal
601869,长飞光纤,False,2025-12-11,2026-01-13,0.051170444352487396,296477.1503101231,rebal
301018,申菱环境,True,2025-12-11,2026-01-13,0.19269999685689254,1116487.1959944987,rebal
688261,东微半导,True,2025-12-11,2026-01-13,0.4340652404037408,2514936.642666147,rebal
300476,胜宏科技,False,2025-12-11,2026-01-13,-0.07071735210868385,-409730.25143646233,rebal
300475,香农芯创,False,2025-12-11,2026-01-13,0.14987636788580935,868370.775589257,rebal
002851,麦格米特,False,2026-01-13,2026-02-11,0.16489985081434277,1100083.55081877,rebal
300661,圣邦股份,False,2026-01-13,2026-02-11,-0.02971291113891216,-198221.4333696294,rebal
300373,扬杰科技,False,2026-01-13,2026-02-11,0.19365558825469076,1291919.465730579,rebal
300054,鼎龙股份,False,2026-01-13,2026-02-11,0.018437828958122834,123002.85445665615,rebal
000938,紫光股份,False,2026-01-13,2026-02-11,-0.04653846460409524,-310468.4397135534,rebal
300666,江丰电子,False,2026-02-11,2026-03-20,0.011693386453047166,82701.30533596093,rebal
300502,新易盛,False,2026-02-11,2026-03-20,0.2753712225135998,1947558.959526179,rebal
002384,东山精密,False,2026-02-11,2026-03-20,0.5933943289314568,4196772.7465981245,rebal
688726,拉普拉斯,True,2026-02-11,2026-03-20,-0.16691250956561243,-1180486.2922648108,rebal
000977,浪潮信息,False,2026-02-11,2026-03-20,-0.048273237702804346,-341411.7703922036,rebal
301392,汇成真空,True,2026-03-20,2026-04-21,0.33513478206085756,2685606.7388951983,rebal
688347,华虹宏力,True,2026-03-20,2026-04-21,0.10054306263265082,805703.0812945459,rebal
601995,中金公司,True,2026-03-20,2026-04-21,-0.002567809149571274,-20577.170515930175,rebal
301165,锐捷网络,True,2026-03-20,2026-04-21,0.07928792623945842,635374.7817886823,rebal
601088,中国神华,False,2026-03-20,2026-04-21,-0.0800418528488101,-641416.3820375626,rebal
300475,香农芯创,False,2026-04-21,2026-05-25,0.2632438552481936,2291919.6297132904,rebal
002371,北方华创,False,2026-04-21,2026-05-25,0.5404023574125424,4704986.445854152,rebal
688126,沪硅产业 - U,True,2026-04-21,2026-05-25,0.45914561186513114,3997528.602284951,rebal
000657,中钨高新,False,2026-04-21,2026-05-25,0.10339685359157952,900219.6012275516,rebal
002851,麦格米特,False,2026-04-21,2026-05-25,0.2231200580247088,1942583.7700464516,rebal
601689,拓普集团,False,2026-05-25,2026-06-24,-0.19607845651999614,-2249784.257388691,rebal
688502,茂莱光学,True,2026-05-25,2026-06-24,0.08491497465532453,974305.7783435094,rebal
601138,工业富联,False,2026-05-25,2026-06-24,0.08455591872644366,970186.007152655,rebal
301629,矽电股份,True,2026-05-25,2026-06-24,-0.03619215265488322,-415265.07668965077,rebal
601398,工商银行,False,2026-05-25,2026-07-01,-0.022211981214469944,-254858.01218876708,final
688409,富创精密,True,2026-06-24,2026-07-01,0.32513698363924703,3686501.8532245685,final
601899,紫金矿业,False,2026-06-24,2026-07-01,-0.08563258518725025,-970928.2544721952,final
600030,中信证券,False,2026-06-24,2026-07-01,0.04927853247115401,558734.9653236053,final
002837,英维克,False,2026-06-24,2026-07-01,-0.10441003379133666,-1165228.9679059123,final
