code,name,buy_date,sell_date,buy_px,sell_px,ret,pnl,exit,hold_days,dev_at_buy
688012,中微公司,20200110,20200203,76.9994,99.7246,0.295134,590268.92,trail,10,0.066804
601689,拓普集团,20200110,20200226,12.7613,13.1007,0.026592,53183.68,trail,27,0.083423
603738,泰晶科技,20200110,20200228,12.4804,13.8280,0.107971,215941.28,trail,29,0.062460
002460,赣锋锂业,20200110,20200309,26.6865,32.9560,0.234932,469863.92,trail,35,0.047183
002050,三花智控,20200110,20200319,13.2028,11.8355,-0.103563,-207126.23,trail,37,0.041827
688037,芯源微,20200203,20200220,54.6771,56.9955,0.042401,84801.00,trail,13,0.120855
002837,英维克,20200220,20200323,6.5412,6.5055,-0.005454,-10908.57,trail,16,0.158485
300394,天孚通信,20200226,20200327,8.4373,6.4159,-0.239588,-479175.73,trail,16,0.119005
000938,紫光股份,20200228,20200323,31.9635,24.6074,-0.230142,-460284.99,trail,10,0.035864
601088,中国神华,20200309,20200319,1.5952,0.0897,-0.943791,-1887582.34,trail,2,0.052356
300054,鼎龙股份,20200319,20200327,15.0588,11.5167,-0.235220,-470440.75,trail,6,0.064458
300502,新易盛,20200323,20200908,10.1629,14.8441,0.460616,921231.57,trail,102,0.036071
601088,中国神华,20200325,20200401,0.9932,1.3051,0.314000,627999.41,trail,5,0.121138
601899,紫金矿业,20200327,20200924,1.9463,4.2540,1.185674,2371347.25,trail,110,0.090641
601088,中国神华,20200401,20200410,1.3143,1.1955,-0.090361,-180721.81,trail,6,0.171600
002851,麦格米特,20200401,20210309,21.5297,29.8775,0.387733,775465.99,trail,213,0.041048
300394,天孚通信,20200410,20200908,6.9826,10.1518,0.453865,907730.19,trail,89,0.049642
300373,扬杰科技,20200908,20201023,33.8296,34.8787,0.031012,62023.96,trail,27,0.078706
601088,中国神华,20200908,20201207,3.0699,5.0311,0.638812,1277623.87,trail,58,0.031605
300475,香农芯创,20200909,20201218,11.9387,10.1817,-0.147169,-294337.52,trail,66,0.045508
002460,赣锋锂业,20201009,20210205,38.0633,77.1496,1.026876,2053752.03,trail,84,0.038204
300620,光库科技,20201023,20201211,23.2654,18.9288,-0.186398,-372795.96,trail,35,0.061538
600460,士兰微,20201207,20210128,21.1084,21.7980,0.032668,65336.14,trail,37,0.114170
688008,澜起科技,20201211,20210225,92.1786,76.7312,-0.167582,-335163.11,trail,48,0.044559
600276,恒瑞医药,20201218,20210308,87.2426,75.3962,-0.135787,-271574.15,trail,50,0.067476
300604,长川科技,20210128,20210309,19.5634,16.0994,-0.177064,-354128.57,trail,23,0.061691
000977,浪潮信息,20210205,20210409,27.9606,25.2051,-0.098548,-197095.54,trail,39,0.036034
601088,中国神华,20210225,20210324,5.1065,4.3337,-0.151346,-302692.09,trail,19,0.068326
603186,华正新材,20210308,20210511,38.0131,34.9584,-0.080360,-160719.68,trail,42,0.047977
603738,泰晶科技,20210309,20210803,10.8953,21.4692,0.970501,1941001.60,trail,99,0.035883
300475,香农芯创,20210309,20210805,13.0322,18.5601,0.424173,848346.80,trail,101,0.043163
300757,罗博特科,20210324,20210908,24.0579,31.7505,0.319751,639502.31,trail,114,0.041916
000657,中钨高新,20210409,20210924,5.7587,8.5379,0.482614,965227.99,trail,113,0.059989
601600,中国铝业,20210511,20210927,5.3072,7.4719,0.407877,815754.28,trail,95,0.131268
002837,英维克,20210803,20210827,7.0629,7.4420,0.053676,107352.10,trail,18,0.157895
601689,拓普集团,20210805,20211216,24.9910,31.5413,0.262108,524215.01,trail,78,0.091769
601088,中国神华,20210827,20211008,6.5613,9.7433,0.484979,969957.73,trail,23,0.056237
601869,长飞光纤,20210908,20220210,30.2380,27.6161,-0.086709,-173418.14,trail,70,0.086302
002837,英维克,20210924,20220105,8.4674,9.8629,0.164801,329602.96,trail,57,0.045439
600460,士兰微,20210927,20211220,58.8607,53.9370,-0.083650,-167300.23,trail,45,0.041757
300476,胜宏科技,20211008,20220211,25.8237,22.9536,-0.111141,-222281.08,trail,56,0.053939
300502,新易盛,20211216,20220311,11.9989,10.8890,-0.092497,-184993.67,trail,37,0.066515
688008,澜起科技,20211220,20220331,80.4807,65.5732,-0.185231,-370462.41,trail,49,0.051010
300666,江丰电子,20220107,20220411,53.8444,48.3381,-0.102265,-204529.15,trail,41,0.032349
601088,中国神华,20220210,20220803,14.0254,18.4705,0.316927,633854.14,trail,118,0.084530
601600,中国铝业,20220211,20220315,5.6784,4.9115,-0.135053,-270105.37,trail,22,0.065366
300373,扬杰科技,20220311,20220411,71.1806,63.3217,-0.110408,-220816.88,trail,19,0.048315
601689,拓普集团,20220317,20220411,39.2471,30.9435,-0.211572,-423144.97,trail,15,0.037494
300475,香农芯创,20220406,20220426,20.2857,16.3983,-0.191634,-383268.72,trail,14,0.032706
601899,紫金矿业,20220414,20220426,11.1461,8.5777,-0.230430,-460859.54,trail,8,0.034670
002371,北方华创,20220418,20220509,200.2688,152.5956,-0.238046,-476091.74,trail,12,0.033133
600183,生益科技,20220419,20220919,13.4636,11.6063,-0.137950,-275899.53,trail,104,0.036375
002050,三花智控,20220428,20220831,15.0488,24.1989,0.608035,1216069.44,trail,85,0.037699
002466,天齐锂业,20220429,20220721,72.3143,110.2351,0.524389,1048778.00,trail,55,0.062511
300394,天孚通信,20220509,20220707,6.6315,6.8741,0.036589,73178.96,trail,42,0.095925
300620,光库科技,20220707,20220831,25.0813,25.4642,0.015266,30532.77,trail,39,0.057099
300308,中际旭创,20220721,20220901,21.3592,18.1616,-0.149704,-299407.85,trail,30,0.071733
688037,芯源微,20220803,20220824,90.2925,88.1582,-0.023638,-47276.07,trail,15,0.116932
002837,英维克,20220824,20220831,12.5908,9.9625,-0.208747,-417493.74,trail,5,0.040743
300604,长川科技,20220831,20221010,58.1684,45.0504,-0.225518,-451035.34,trail,22,0.033952
300475,香农芯创,20220831,20221010,21.2689,17.1056,-0.195745,-391490.63,trail,22,0.032731
002851,麦格米特,20220831,20221031,31.8231,24.9262,-0.216727,-433453.51,trail,36,0.037165
601869,长飞光纤,20220901,20221109,42.2970,35.2872,-0.165729,-331458.10,trail,42,0.062148
002466,天齐锂业,20220922,20221021,111.0497,87.9091,-0.208381,-416761.75,trail,16,0.035314
002837,英维克,20221010,20221216,10.4940,9.8529,-0.061090,-122180.83,trail,48,0.031247
600276,恒瑞医药,20221010,20230807,33.6089,38.3855,0.142124,284248.58,trail,196,0.030987
688037,芯源微,20221021,20221110,113.7084,95.6799,-0.158550,-317100.80,trail,13,0.093976
300502,新易盛,20221031,20230427,8.3872,21.8079,1.600151,3200302.96,trail,115,0.087521
601899,紫金矿业,20221109,20230512,7.8855,9.5142,0.206535,413070.37,trail,116,0.071972
603738,泰晶科技,20221111,20221223,16.6439,14.1069,-0.152429,-304858.22,trail,30,0.037635
603186,华正新材,20221216,20230426,25.4625,28.2736,0.110401,220802.49,trail,80,0.056607
300757,罗博特科,20221228,20230310,40.0497,36.2037,-0.096031,-192061.92,trail,40,0.063394
688037,芯源微,20230310,20230510,110.9895,114.2500,0.029376,58751.52,trail,39,0.033183
000977,浪潮信息,20230426,20230628,43.6012,50.2110,0.151596,303191.11,trail,40,0.046056
600900,长江电力,20230504,20260723,19.0016,28.7916,0.515225,1030449.35,final,715,0.031890
601088,中国神华,20230510,20250221,22.3524,30.9933,0.386577,773153.99,trail,407,0.061292
601689,拓普集团,20230512,20231013,34.8128,42.8587,0.231119,462238.36,trail,92,0.037399
002851,麦格米特,20230628,20230920,35.1940,28.8315,-0.180785,-361569.20,trail,50,0.036096
300394,天孚通信,20230807,20230828,37.6419,28.2636,-0.249146,-498291.40,trail,5,0.052769
600276,恒瑞医药,20230829,20240129,41.7854,38.5051,-0.078504,-157007.13,trail,92,0.033948
300394,天孚通信,20230922,20231027,30.5791,25.1952,-0.176065,-352129.69,trail,19,0.042200
603738,泰晶科技,20231013,20240110,18.4899,14.6150,-0.209569,-419138.07,trail,52,0.064945
300604,长川科技,20231027,20240117,37.2306,31.8202,-0.145321,-290641.64,trail,47,0.070760
000657,中钨高新,20240111,20240202,8.7283,6.7944,-0.221562,-443123.07,trail,16,0.044280
300373,扬杰科技,20240117,20240826,34.1005,33.5238,-0.016910,-33820.94,trail,141,0.047283
601600,中国铝业,20240129,20240725,5.3473,6.2863,0.175605,351209.41,trail,111,0.065247
300394,天孚通信,20240205,20240513,36.0668,47.2920,0.311232,622463.78,trail,54,0.083445
002851,麦格米特,20240513,20240627,25.3321,24.5476,-0.030967,-61934.36,trail,32,0.040629
002384,东山精密,20240628,20240805,20.6970,21.2699,0.027680,55359.59,trail,26,0.034554
300757,罗博特科,20240730,20240823,96.4725,76.8109,-0.203806,-407611.31,trail,18,0.051182
603259,药明康德,20240805,20250408,39.3575,48.1687,0.223876,447751.54,trail,148,0.031864
300661,圣邦股份,20240902,20241011,53.8244,68.9206,0.280472,560943.48,trail,22,0.033934
002050,三花智控,20240902,20241126,16.0520,21.3397,0.329409,658818.22,trail,54,0.033445
300757,罗博特科,20241011,20241125,149.9457,186.3585,0.242840,485679.40,trail,31,0.176151
002837,英维克,20241125,20250327,20.4964,23.2126,0.132522,265044.38,trail,68,0.036018
300620,光库科技,20241129,20250407,49.6107,35.0082,-0.294341,-588682.84,trail,70,0.043377
300054,鼎龙股份,20250221,20260710,31.4519,82.7884,1.632223,3264445.58,trail,295,0.070731
600276,恒瑞医药,20250328,20260127,48.3667,56.7863,0.174078,348155.68,trail,181,0.031991
600111,北方稀土,20250409,20251112,25.2217,45.2796,0.795262,1590523.52,trail,131,0.030395
300661,圣邦股份,20250411,20250509,88.0051,74.1609,-0.157312,-314623.62,trail,17,0.071434
300502,新易盛,20250509,20251111,54.9580,231.2695,3.208110,6416220.67,trail,111,0.075634
300475,香农芯创,20251111,20251120,177.0736,145.2732,-0.179589,-359177.71,trail,7,0.111107
601600,中国铝业,20251112,20260319,11.7481,11.7856,0.003199,6397.65,trail,69,0.049565
002466,天齐锂业,20251120,20260206,62.5125,50.0118,-0.199972,-399944.20,trail,40,0.036764
000657,中钨高新,20260127,20260316,50.4233,54.7539,0.085884,171767.86,trail,23,0.101093
601869,长飞光纤,20260206,20260706,175.3380,440.2827,1.511051,3022102.67,trail,95,0.063599
002384,东山精密,20260316,20260720,119.3867,216.9135,0.816898,1633795.42,trail,85,0.061354
603986,兆易创新,20260319,20260331,303.9145,236.4599,-0.221952,-443904.98,trail,8,0.036049
002460,赣锋锂业,20260331,20260528,78.4842,72.3776,-0.077808,-155615.56,trail,38,0.073017
300373,扬杰科技,20260528,20260710,114.6715,118.2250,0.030989,61977.27,trail,30,0.130325
000938,紫光股份,20260706,20260723,33.4183,41.7628,0.249700,499400.22,final,13,0.063184
300604,长川科技,20260710,20260717,353.4550,277.7147,-0.214286,-428571.42,trail,5,0.079287
000977,浪潮信息,20260710,20260723,89.8109,88.5168,-0.014409,-28818.93,final,9,0.128348
601899,紫金矿业,20260722,20260723,32.3047,33.2349,0.028796,57592.33,final,1,0.033034
601600,中国铝业,20260722,20260723,9.4606,9.8230,0.038304,76607.34,final,1,0.032738
