rank,code,name,roe,net_margin,profit_yoy,gross_margin,rev_yoy,score
1,300604,长川科技,3.3,13.615518838199653,2422.727315581787,52.7517869188,45.7399942271,1.7312371540070968
2,300502,新易盛,9.128200000000009,38.80617562906175,384.54,48.6597338537,264.1319456609,1.5774479030631694
3,301165,锐捷网络,2.31,4.230156618719164,2422.727315581787,37.4892835515,18.1387526148,1.4279146328210601
4,300476,胜宏科技,9.128200000000009,21.349132985801454,339.22,33.3747055967,80.314475653,1.2003934296246224
5,300394,天孚通信,8.13,35.741638656014835,21.07,53.0450541469,29.106096866,1.1596456026878774
6,688256,寒武纪,6.32,31.983586853325008,256.8155658397,55.9897126931,4230.2203024577,1.026804265327214
7,603259,药明康德,6.08,38.03329745828056,89.06,42.2603537945,20.9555856721,1.0084398951110314
8,603186,华正新材,1.26,1.7865021159608068,1953.5110519393,12.5917562857,20.4946821595,0.9467562595951571
9,300308,中际旭创,7.94,23.716426014484153,56.83,36.7009988471,37.8236822825,0.9216119986588236
10,688008,澜起科技,4.5,39.96246390941489,135.14,60.4497811316,65.7766068172,0.890980048274466
11,688726,拉普拉斯,6.76,17.377293874295052,44.36,32.4105842692,36.4787151492,0.648285471374238
12,601899,紫金矿业,7.12,12.881031639596246,62.39,22.8859705135,5.5520849254,0.6131376035639547
13,600030,中信证券,2.39,39.96246390941489,32.0,,19.4664233258,0.5744853144768457
14,601288,农业银行,2.705,38.5329504912307,2.2,,0.3510356358,0.5635519979741553
15,601398,工商银行,2.265,39.55182494101723,-3.99,,-3.2154764991,0.5279009929066288
16,600276,恒瑞医药,4.08,26.00828004818243,36.9,85.169023166,20.1428992029,0.49928035210206057
17,002371,北方华创,4.95,19.262754812998946,38.8,43.0156502414,37.903283475,0.4688673686944178
18,601995,中金公司,1.98,35.69297808538959,64.85,,47.6855605713,0.4628784266950218
19,600460,士兰微,1.21,4.952440538246363,1072.4303055473,21.3149071558,21.6987114021,0.42390800895455594
20,600900,长江电力,2.43,30.4478354007171,30.56,52.9766746662,8.6769265327,0.3890021892986218
21,300054,鼎龙股份,3.73,17.113384081396106,72.84,48.8198375317,16.367305799,0.30477619810210904
22,300666,江丰电子,3.42,15.714182738250038,163.58,32.3857941367,29.5267816422,0.30014558972953714
23,002050,三花智控,4.57,11.779412588008945,39.47,26.8271507758,19.0990093073,0.27568989667306965
24,600111,北方稀土,1.9,4.636874111525293,727.3,11.2089249321,61.1850449689,0.271764464491405
25,601600,中国铝业,4.95,6.336831090450483,58.78,15.8585845676,13.9581582345,0.22491848012310692
26,300373,扬杰科技,3.07,17.285947408199867,51.22,34.603007485,18.9039193719,0.21621461712021914
27,600183,生益科技,3.7,10.04473359961498,43.76,24.60087772,26.8605175622,0.1415038332788058
28,601088,中国神华,2.8,17.171804268161242,-18.0,34.0633757275,-21.0714366734,0.13657121846807455
29,688502,茂莱光学,1.15,11.700983648159987,288.73,50.4855289793,28.2278976287,0.035236312118852274
30,000657,中钨高新,3.18,7.447484846643622,3.24,22.1198733883,3.5771639071,0.0019053278238115312
31,601689,拓普集团,2.85,9.804226816972966,-12.39,19.8928536106,1.3955417034,-0.0003879878288045406
32,603296,华勤技术,3.67,2.4058474582062965,39.04,8.4158587448,115.6498563971,-0.017076876944916785
33,601138,工业富联,3.48,3.2607756986593484,24.99,6.73449962,35.156965874,-0.03170636409664731
34,688012,中微公司,1.57,14.405998780072663,25.67,41.5370612685,35.4047200139,-0.0346207478257933
35,688498,源杰科技,0.69,16.966771973454254,35.93,44.6413840903,40.5207571661,-0.08061800458088687
36,002384,东山精密,2.39,5.299345527338841,57.55,14.1327156047,11.0711046623,-0.09815544985306496
37,301018,申菱环境,2.11,8.61362976651042,7.34,21.9930286491,27.1791711001,-0.0982724319347028
38,301629,矽电股份,1.59,12.455042173839532,-17.86,35.3400754128,-0.5073105446,-0.09972076913288234
39,603986,兆易创新,1.41,12.290331676135564,14.57,37.440423888,17.3168760221,-0.10285969204398104
40,688195,腾景科技,1.4,11.511092273766511,15.81,34.5898995357,20.6025534305,-0.11872101904806004
41,688981,中芯国际,0.9,8.32075901696114,166.5,23.0968613439,29.4375668882,-0.1419050064761555
42,601869,长飞光纤,1.15,5.242212164751511,161.91,27.8421796935,21.2326881078,-0.1767032821453092
43,000938,紫光股份,2.58,1.6765262805607213,-15.75,15.6672489402,22.2479290011,-0.19607385322345214
44,000977,浪潮信息,2.3,0.9873663826013586,52.78,3.4478014409,165.3117922327,-0.1976655038509545
45,300661,圣邦股份,1.29,7.569610484740642,9.9,49.0653292616,8.3007659435,-0.2139686130679125
46,688503,聚和材料,1.91,2.9944339080714197,18.24,6.3305710347,1.3829694374,-0.22642993030453726
47,301392,汇成真空,1.12,8.544809380543105,-17.76,25.8910971782,35.8230926437,-0.23280753260579737
48,002851,麦格米特,1.77,4.63041536121575,-22.57,22.9516683331,26.5098175174,-0.23724636097863927
49,002837,英维克,1.63,5.148102874261486,-22.53,26.4533338345,25.0710648384,-0.24341841197274638
50,300620,光库科技,0.56,4.088956169951456,66.97,26.9031398204,65.5312545375,-0.3316473829001288
51,002466,天齐锂业,0.25,4.03507895985068,102.68,44.3146214787,-0.0167251016,-0.34573997766551107
52,600584,长电科技,0.73,2.17847211078497,50.39,12.6334720607,36.4383328133,-0.3605303296571371
53,688261,东微半导,0.27,2.7593136082297978,81.78,13.6151147369,63.4150349675,-0.38251518997182243
54,603738,泰晶科技,0.49,4.333845104300842,-71.52,17.8744546142,10.0906846512,-0.42617841272410084
55,300475,香农芯创,0.57,0.21159741362352288,18.66,1.984265911,243.3324831079,-0.43938844640292896
56,688037,芯源微,0.17,1.6926015200099718,-70.89,34.2942212262,12.7371339532,-0.5160022823338587
57,688347,华虹宏力,0.05,0.5818051755430906,-89.73,17.7528799528,18.6592323213,-0.5646356356780605
58,688409,富创精密,-0.48,-2.9079763857508776,-136.67,24.1473363516,8.6187038758,-0.7273907220792921
59,002460,赣锋锂业,-0.86,-9.433943837196862,18.93,12.9540080297,-25.4274604827,-0.7995506762213961
60,688702,盛科通信,-0.65,-6.81507062633204,-150.4240893434,44.0530413211,-12.3002337689,-0.8341867460373115
61,688627,精智达,-0.95,-10.660462484003954,-12.2776897626,27.7113265455,83.163258281,-0.8550914925696359
62,301308,江波龙,-2.35,-3.5666875103325153,-139.52,10.3522062762,-4.4111885012,-0.9626987150541598
63,688126,沪硅产业,-1.74,-26.013803730477115,-5.4671382111,-11.4476473002,10.5965456783,-1.2490711195345174
64,688141,杰华特,-4.3476,-21.47275848874193,45.7722304499,29.6866284654,60.4159208909,-1.4322597302236317
65,688072,拓荆科技,-2.81,-20.73534434665381,-425.71722680302,19.892254923,50.2158083276,-1.5467616615413762
66,300757,罗博特科,-2.63,-27.068400926121516,-425.71722680302,17.4688632823,-63.238367066,-1.6515194335500842
67,688820,盛合晶微,0.92,8.410074493604318,,30.7137111936,,
68,688802,沐曦股份,-4.3476,-34.43016197937296,,55.2575095931,,
69,688727,恒坤新材,1.86,18.653403035470507,,43.7724993675,,
70,688795,摩尔线程,-2.54,-34.43016197937296,,77.6359783358,,
