date,equity,positions,cash
20200102,10000992.06,0,10000992.06
20200103,10001984.23,0,10001984.23
20200106,10002976.49,0,10002976.49
20200107,10003968.84,0,10003968.84
20200108,10004961.30,0,10004961.30
20200109,10005953.86,0,10005953.86
20200110,10006946.51,0,10006946.51
20200113,10007939.26,0,10007939.26
20200114,10008932.12,0,10008932.12
20200115,10009925.06,0,10009925.06
20200116,10010918.11,0,10010918.11
20200117,10011911.26,0,10011911.26
20200120,10012904.50,0,10012904.50
20200121,10013897.85,0,10013897.85
20200122,10014891.29,0,10014891.29
20200123,10015884.83,0,10015884.83
20200203,10016878.47,0,10016878.47
20200204,10017872.21,0,10017872.21
20200205,10018866.05,0,10018866.05
20200206,10019859.98,0,10019859.98
20200207,10020854.01,0,10020854.01
20200210,9988461.37,5,20856.08
20200211,9931051.73,5,20858.15
20200212,10338952.43,5,20860.22
20200213,10280469.04,5,20862.29
20200214,10476231.63,5,20864.36
20200217,10856163.12,5,20866.43
20200218,11162482.38,5,20868.50
20200219,11044111.11,5,20870.57
20200220,11204967.76,5,20872.64
20200221,11547051.98,5,20874.71
20200224,11938014.61,5,20876.78
20200225,12185950.14,5,20878.85
20200226,11736125.34,5,20880.93
20200227,11775269.08,5,20883.00
20200228,10780940.75,5,20885.07
20200302,11379429.19,5,20887.14
20200303,11562598.53,5,20889.21
20200304,11367845.40,5,20891.29
20200305,11314169.60,5,20893.36
20200306,11447331.08,5,20895.43
20200309,11004746.30,5,20897.50
20200310,11692585.56,5,1232052.92
20200319,10708622.53,5,1232175.14
20200320,10725806.20,5,1232297.38
20200323,10378776.19,4,3093579.98
20200324,10463102.93,4,3093886.89
20200325,10774026.81,4,3094193.82
20200326,10614378.83,4,3094500.78
20200327,10501479.13,4,3094807.78
20200330,10462017.11,4,3095114.80
20200331,10387706.97,4,3095421.86
20200401,10353290.26,4,3095728.94
20200402,10656214.04,4,3096036.06
20200403,10737242.59,4,3096343.20
20200407,10860922.18,4,3096650.38
20200408,10987720.95,4,3096957.59
20200409,10877784.58,4,3097264.83
20200410,10766297.43,4,3097572.10
20200413,10630168.05,4,3097879.39
20200414,10798910.02,4,3098186.72
20200415,10812981.62,4,3098494.08
20200416,10893731.54,4,3098801.47
20200417,10873486.58,3,4892923.41
20200420,10881860.69,3,4893408.82
20200421,10831993.08,3,4893894.28
20200422,11132545.64,3,4894379.78
20200423,11267315.26,3,4894865.34
20200424,11103375.15,3,4895350.94
20200427,11045447.48,3,4895836.59
20200428,11101114.64,3,4896322.29
20200429,11034813.29,3,4896808.03
20200430,11262045.66,3,4897293.83
20200506,11546981.53,3,4897779.67
20200507,11381317.67,3,4898265.56
20200508,11446249.46,3,4898751.50
20200511,11420937.13,3,4899237.49
20200512,11502521.27,3,4899723.52
20200513,11510940.09,3,4900209.61
20200514,11438325.93,3,4900695.74
20200515,11503931.02,3,4901181.92
20200518,11388267.60,3,4901668.15
20200519,11610085.11,3,4902154.42
20200520,11503605.33,3,4902640.75
20200521,11286675.55,5,1319070.27
20200522,11016143.15,5,1319201.13
20200525,10866698.75,5,1319332.00
20200526,11134781.77,5,1319462.89
20200527,10962871.17,5,1319593.79
20200528,10789892.80,5,1319724.70
20200601,11229536.54,5,1319855.62
20200602,11249103.04,5,1319986.56
20200603,11193715.75,5,1320117.51
20200604,11224449.51,5,1320248.48
20200605,11356308.68,5,1320379.45
20200608,11327787.44,5,1320510.44
20200609,11404184.69,5,1320641.45
20200610,11399956.65,5,1320772.46
20200611,11470009.16,5,1320903.49
20200612,11403924.25,5,1321034.53
20200615,11124705.43,5,1321165.59
20200616,11390253.60,5,1321296.66
20200617,11392626.64,5,1321427.74
20200618,11539970.91,5,1321558.83
20200619,11964906.83,5,1321689.94
20200622,12269591.40,5,1715581.08
20200623,12296447.28,5,1715751.28
20200624,12251976.62,5,1715921.49
20200629,12086756.95,5,1716091.72
20200630,12269014.30,5,1716261.97
20200701,12239909.34,5,1716432.23
20200702,12316464.04,5,1716602.52
20200703,12442064.05,5,1716772.81
20200706,13003424.26,5,1716943.13
20200707,13423107.75,5,1717113.46
20200708,13564225.61,5,1717283.81
20200709,13622243.39,5,1717454.17
20200710,13440897.99,5,1717624.56
20200727,11874983.31,5,1717794.96
20200728,12040848.87,5,1717965.37
20200729,12225023.61,5,1718135.80
20200730,12131242.80,5,1718306.25
20200731,12235640.98,5,1718476.72
20200803,12581333.46,5,1718647.21
20200804,12688054.02,5,1718817.71
20200805,12609313.91,5,1718988.22
20200806,12462683.77,4,4420858.54
20200807,12620815.35,4,4421297.12
20200810,12667740.68,4,4421735.74
20200811,12591879.30,4,4422174.40
20200812,12588609.78,4,4422613.11
20200813,12667189.99,4,4423051.86
20200814,12663978.89,4,4423490.66
20200819,12484992.69,4,4423929.49
20200820,12352398.95,4,4424368.38
20200821,12261818.22,4,4424807.30
20200824,12345300.66,4,4425246.27
20200825,12516421.55,4,4425685.28
20200826,12227189.05,4,4426124.34
20200827,12323891.12,4,4426563.44
20200828,12365611.68,4,4427002.58
20200831,12285457.14,4,4427441.77
20200901,12308832.65,4,4427881.00
20200902,12351078.71,4,4428320.27
20200903,12246355.03,4,4428759.59
20200904,12343186.97,4,4429198.95
20200907,12215083.90,4,4429638.36
20200908,12332902.23,5,2365296.95
20200909,11905716.34,5,2365531.60
20200910,11772533.98,5,2365766.28
20200911,11990359.42,5,2366000.98
20200914,12218334.30,5,2366235.70
20200915,12195984.78,5,2366470.45
20200916,12077699.54,5,2366705.22
20200917,12267786.66,5,2366940.01
20200918,12358078.49,5,2367174.82
20200921,12192213.24,5,2367409.66
20200922,11998841.66,5,2367644.52
20200923,12063629.35,5,2367879.41
20200924,11879900.06,5,2368114.32
20200925,11688025.99,5,2368349.25
20200928,11567194.79,5,2368584.21
20200929,11682375.14,5,2368819.18
20200930,11741231.42,5,2369054.19
20201009,12077758.17,5,2369289.21
20201012,12401395.31,5,2369524.26
20201013,12124244.15,5,2369759.33
20201014,11930272.76,5,2369994.43
20201015,11841097.93,5,1990099.06
20201016,11718235.61,5,1990296.49
20201019,11736464.87,5,1990493.94
20201020,11663647.83,5,1990691.41
20201021,11492774.99,5,1990888.90
20201022,11462913.57,5,1991086.41
20201023,11380735.77,5,1991283.93
20201026,11524060.52,5,1991481.48
20201027,11679569.11,5,1991679.05
20201028,11697646.60,5,1991876.64
20201029,11678111.64,5,1992074.24
20201030,11567308.32,5,1992271.87
20201102,11585389.61,5,1992469.52
20201103,11799775.12,5,1992667.18
20201104,11706258.43,5,1992864.87
20201105,12138111.67,5,1993062.57
20201106,12088531.77,5,1993260.30
20201109,12810427.01,5,1993458.04
20201110,12475918.31,5,1993655.80
20201111,12009928.67,5,1993853.59
20201112,12031701.88,5,1994051.39
20201113,11904175.73,5,1936570.44
20201116,12047040.60,5,1936762.56
20201117,11912111.19,5,1936954.70
20201118,11853233.84,5,1937146.86
20201119,11989860.21,5,1937339.04
20201120,12236428.45,5,1937531.23
20201123,12713793.41,5,1937723.45
20201124,12755449.93,5,1937915.68
20201125,12522190.32,5,1938107.94
20201126,12732568.74,5,1938300.21
20201127,12914279.95,5,1938492.50
20201130,13029885.47,5,1938684.81
20201201,13139996.07,5,1938877.14
20201202,13305194.64,5,1939069.49
20201203,12734370.40,5,1939261.86
20201204,12764315.22,5,1939454.25
20201207,12544231.81,5,1939646.65
20201208,12632602.79,5,1939839.08
20201209,12622801.34,5,1940031.52
20201210,12402867.95,5,1940223.99
20201211,12204577.47,5,1940416.47
20201214,11692882.66,5,1725277.38
20201215,11775707.50,5,1725448.54
20201216,11810751.32,5,1725619.71
20201217,12123124.62,5,1725790.90
20201218,12019475.92,5,1725962.11
20201221,12314532.65,5,1726133.34
20201222,12078081.78,5,1726304.58
20201223,12371498.05,5,1726475.84
20201224,12101710.22,5,1726647.12
20201225,12121915.67,5,1726818.41
20201228,12203212.27,5,1726989.73
20201229,12187974.32,5,1727161.05
20201230,12285960.89,5,1727332.40
20201231,12449898.93,5,1727503.76
20210104,13020420.27,5,1727675.14
20210105,13350778.61,5,1727846.54
20210106,13527404.31,5,1728017.95
20210107,13801550.66,5,1728189.38
20210108,14278371.02,5,1728360.83
20210111,14276221.03,5,1728532.29
20210112,15076947.50,5,1728703.77
20210113,15250104.86,5,5129793.69
20210114,15338307.80,5,5130302.60
20210115,15266063.81,5,5130811.56
20210118,15676204.09,5,5131320.57
20210119,15448297.30,5,5131829.63
20210120,15603228.73,5,5132338.74
20210121,15609553.84,5,5132847.90
20210122,15393777.67,5,5133357.11
20210125,15354974.64,5,5133866.37
20210126,15191336.53,5,5134375.68
20210127,15356940.29,5,5134885.04
20210128,15139019.55,5,5135394.46
20210129,14845245.36,5,5135903.92
20210201,14858056.25,5,5136413.44
20210202,14808759.46,5,5136923.00
20210203,14536245.36,5,5137432.62
20210204,14443324.38,5,5137942.28
20210205,14162396.60,5,5138452.00
20210208,14432901.83,5,5138961.77
20210209,14538304.44,5,5139471.58
20210210,14515252.80,5,5139981.45
20210218,14605944.94,5,4638339.65
20210219,14702674.53,5,4638799.81
20210222,14545323.53,5,4639260.01
20210223,14540938.94,5,4639720.25
20210224,14647683.99,5,4640180.54
20210225,14446290.20,5,4640640.87
20210226,14321605.98,5,4641101.26
20210301,14594921.28,5,4641561.68
20210302,14707070.86,5,4642022.15
20210303,14894622.79,5,4642482.67
20210304,14756166.74,5,4642943.24
20210305,14842260.35,5,4643403.85
20210308,14802074.63,5,4643864.50
20210309,14633240.68,5,4644325.20
20210310,14290844.34,5,4644785.95
20210311,14675459.44,5,4645246.74
20210312,14747855.07,5,4645707.58
20210315,14555032.67,5,4646168.46
20210316,14506415.96,5,4646629.39
20210317,14534160.12,5,4647090.37
20210318,14369575.15,5,4647551.39
20210319,14183416.61,3,8202853.44
20210322,14224559.67,3,8203667.22
20210323,14227525.92,3,8204481.07
20210324,14094241.81,3,8205295.01
20210325,14112071.60,3,8206109.03
20210326,14290663.16,3,8206923.13
20210329,14223806.04,3,8207737.30
20210330,14287205.13,3,8208551.56
20210331,14202121.66,3,8209365.90
20210401,14276567.57,3,8210180.33
20210402,14402499.80,3,8210994.83
20210406,14349046.24,3,8211809.41
20210407,14363325.09,3,8212624.07
20210408,14357676.71,3,8213438.82
20210409,14326131.36,3,8214253.64
20210412,14170901.36,3,8215068.55
20210413,14122782.74,3,8215883.54
20210414,14086044.91,3,8216698.60
20210415,14080715.28,3,8217513.75
20210416,14334986.57,3,8218328.98
20210419,14483357.58,3,8219144.29
20210420,14186470.01,5,4184262.73
20210421,14191136.78,5,4184677.84
20210422,14427077.42,5,4185092.99
20210423,14321254.30,5,4185508.17
20210426,14509580.01,5,4185923.40
20210427,14399165.15,5,4186338.67
20210428,14382171.07,5,4186753.99
20210429,14598337.29,5,4187169.34
20210430,14689522.98,5,4187584.73
20210506,14787698.03,5,4188000.17
20210507,14108680.18,5,4188415.64
20210510,13898039.09,5,4188831.16
20210511,13881975.31,5,4189246.72
20210512,13787197.77,5,4189662.32
20210513,14007409.25,5,4190077.96
20210514,14318652.11,5,4190493.64
20210517,14472247.36,5,4190909.37
20210518,14480471.55,5,4191325.13
20210519,14734300.11,5,4191740.94
20210520,14692487.11,5,4192156.78
20210521,14569692.50,5,4192572.67
20210524,15003028.13,5,5035422.85
20210525,15246947.85,5,5035922.40
20210526,15416980.91,5,5036421.99
20210527,15476049.98,5,5036921.64
20210528,15477805.46,5,5037421.33
20210531,15695872.54,5,5037921.08
20210601,15754691.87,5,5038420.87
20210602,15610641.69,5,5038920.71
20210603,15765571.66,5,5039420.61
20210604,15632051.14,5,5039920.55
20210607,15782251.72,5,5040420.54
20210608,15711653.37,5,5040920.58
20210609,15761526.39,5,5041420.67
20210610,15773605.97,5,5041920.81
20210611,15657850.04,5,5042421.01
20210615,15274708.30,5,5042921.25
20210616,15119443.82,5,5043421.54
20210617,15057849.93,5,5043921.87
20210618,14919650.35,5,5044422.26
20210621,14843034.66,5,5044922.70
20210622,14954680.89,5,5045423.19
20210623,15008204.04,5,5229387.68
20210624,14861590.18,5,5229906.47
20210625,15134082.68,5,5230425.31
20210628,15393468.29,5,5230944.20
20210629,15222216.05,5,5231463.14
20210701,15744423.60,5,5231982.13
20210702,15593767.59,5,5232501.18
20210705,15842188.98,5,5233020.28
20210706,15934439.99,5,5233539.43
20210707,16127455.35,5,5234058.63
20210708,16331581.96,5,5234577.88
20210709,16432660.78,5,5235097.18
20210712,16296890.12,5,5235616.54
20210713,15958174.19,5,5236135.94
20210714,16176252.67,5,5236655.40
20210715,16115456.62,5,5237174.91
20210716,15967601.95,5,5237694.47
20210719,16233942.86,5,5238214.08
20210720,16489479.40,5,5238733.75
20210721,17005063.11,5,5239253.46
20210722,17577319.96,5,5239773.23
20210723,17635563.17,5,7667957.88
20210726,17837910.87,5,7668718.59
20210727,17791402.76,5,7669479.38
20210728,17842484.31,5,7670240.24
20210729,18385550.53,5,7671001.18
20210730,18434067.59,5,7671762.19
20210802,18640837.93,5,7672523.28
20210803,18431111.40,5,7673284.44
20210804,18757425.96,5,7674045.68
20210805,18819905.51,5,7674806.99
20210806,18577855.36,5,7675568.38
20210809,18558038.49,5,7676329.85
20210810,18434307.92,5,7677091.39
20210811,18418294.21,5,7677853.00
20210812,18636479.75,5,7678614.70
20210813,18278568.21,5,7679376.46
20210816,18153360.21,5,7680138.31
20210817,17610806.43,5,7680900.22
20210818,17497539.02,5,7681662.22
20210819,17563343.36,5,7682424.29
20210820,17409477.95,5,7683186.43
20210823,17562394.27,3,11581831.10
20210824,17545819.75,3,11582980.09
20210825,17542498.59,3,11584129.19
20210826,17278870.38,3,11585278.41
20210827,17334446.15,3,11586427.75
20210830,17269490.76,3,11587577.19
20210831,17226628.56,3,11588726.75
20210901,17259846.11,3,11589876.43
20210902,17059946.52,3,11591026.22
20210903,17058902.35,3,11592176.12
20210906,17212365.19,3,11593326.14
20210907,17224961.64,3,11594476.27
20210908,17271155.12,3,11595626.52
20210909,17263299.73,3,11596776.88
20210910,17465191.23,3,11597927.35
20210913,17290324.63,3,11599077.94
20210914,17433108.44,3,11600228.64
20210915,17485655.83,3,11601379.46
20210916,17319486.78,3,11602530.39
20210917,17350962.16,3,11603681.43
20210922,17531414.30,3,11604832.59
20210923,17555621.25,5,7588015.96
20210924,17661660.46,5,7588768.74
20210927,17385697.41,5,7589521.60
20210928,17459282.50,5,7590274.53
20210929,17340435.26,5,7591027.53
20210930,17489388.58,5,7591780.61
20211008,17595412.06,5,7592533.76
20211011,17670988.44,5,7593286.99
20211012,17416758.81,5,7594040.29
20211013,17473435.99,5,7594793.67
20211014,17622499.08,5,7595547.12
20211015,18052922.13,5,7596300.65
20211018,18107214.18,5,7597054.25
20211019,18268526.10,5,7597807.92
20211020,18099617.84,5,7598561.67
20211021,18035461.93,5,7599315.50
20211022,18132782.77,5,7600069.40
20211025,18124842.67,5,7600823.37
20211026,18101642.74,5,7601577.42
20211027,17959381.74,5,7602331.55
20211028,17712354.95,5,7603085.75
20211029,17819780.16,5,7852174.88
20211101,18066308.66,5,7852953.86
20211102,18407540.23,5,7853732.93
20211103,18083816.30,5,7854512.07
20211104,18404168.69,5,7855291.28
20211105,18044385.45,5,7856070.58
20211108,18402813.43,5,7856849.95
20211109,18455753.08,5,7857629.40
20211110,18625698.20,5,7858408.93
20211111,18610076.73,5,7859188.53
20211112,18919079.93,5,7859968.21
20211115,18744353.66,5,7860747.97
20211116,18730161.12,5,7861527.81
20211117,19099450.70,5,7862307.72
20211118,19078020.92,5,7863087.71
20211119,19290370.48,5,7863867.78
20211122,19533849.79,5,7864647.92
20211123,19946901.17,5,7865428.15
20211124,20000281.48,5,7866208.45
20211125,19756430.31,5,7866988.83
20211126,19519949.63,5,7867769.28
20211213,20144439.96,5,10176834.68
20211214,19992561.66,5,10177844.28
20211215,19900575.04,5,10178853.99
20211216,19949336.37,5,10179863.80
20211217,19858305.43,5,10180873.70
20211220,19892847.07,5,10181883.71
20211221,20027331.95,5,10182893.82
20211222,20051475.96,5,10183904.03
20211223,20504867.89,5,10184914.33
20211224,20403263.33,5,10185924.74
20211227,20151714.86,5,10186935.25
20211228,20198646.86,5,10187945.86
20211229,20002678.65,5,10188956.57
20211230,20215576.76,5,10189967.38
20211231,20152081.31,5,10190978.29
20220104,20102185.96,5,10191989.30
20220105,19825911.54,5,10193000.41
20220106,19816267.13,5,10194011.62
20220107,19774532.76,5,10195022.93
20220210,19922467.35,5,10196034.34
20220211,19725952.89,5,10197045.85
20220214,19581448.08,5,9613842.80
20220215,19744284.40,5,9614796.56
20220216,19814249.88,5,9615750.40
20220217,19888252.60,5,9616704.35
20220218,19966258.66,5,9617658.39
20220221,20037874.72,5,9618612.52
20220222,19919286.95,5,9619566.75
20220223,19962772.41,5,9620521.07
20220224,19783388.57,5,9621475.49
20220225,19836764.61,5,9622430.00
20220228,19865453.90,5,9623384.60
20220301,20067141.39,5,9624339.30
20220302,20003510.24,5,9625294.10
20220303,20045086.25,5,9626248.99
20220304,20008578.64,5,9627203.97
20220307,19692829.40,5,9628159.05
20220308,19328168.49,5,9629114.23
20220309,19279177.69,5,9630069.50
20220310,19509143.80,5,9631024.86
20220311,19454321.91,5,9631980.32
20220314,19186749.97,5,9632935.87
20220315,18562680.10,5,8595074.82
20220316,18904989.69,5,8595927.50
20220317,19195431.77,5,8596780.27
20220318,19207146.60,5,8597633.13
20220321,19190887.23,5,8598486.07
20220322,19176768.89,5,8599339.09
20220323,19202880.51,5,8600192.20
20220324,19071408.91,5,8601045.39
20220325,18801123.25,5,8601898.67
20220328,18745771.52,5,8602752.04
20220329,18628182.09,5,8603605.48
20220330,18938110.00,5,8604459.02
20220331,18906810.28,5,8605312.63
20220401,18892985.81,5,8606166.33
20220406,18879809.76,5,8607020.12
20220407,18681768.36,5,8607873.99
20220408,18782746.07,5,8608727.95
20220411,18437096.49,5,8609581.99
20220412,18581165.56,5,8610436.11
20220413,18430187.29,5,8611290.32
20220414,18573820.84,5,8612144.62
20220415,18453204.96,1,16459683.90
20220418,18523626.48,1,16461316.81
20220419,18440622.57,1,16462949.87
20220420,18432139.83,1,16464583.10
20220421,18412866.87,1,16466216.49
20220422,18361560.17,1,16467850.05
20220425,18271138.53,1,16469483.76
20220426,18178019.46,1,16471117.64
20220427,18338137.08,1,16472751.68
20220428,18368096.00,1,16474385.88
20220429,18383555.53,1,16476020.24
20220505,18484663.79,1,16477654.77
20220506,18432346.62,1,16479289.46
20220509,18436004.67,1,16480924.31
20220510,18505416.70,1,16482559.32
20220511,18550550.56,1,16484194.49
20220512,18634462.47,1,16485829.83
20220513,18641155.96,1,16487465.33
20220516,18599967.33,1,16489100.99
20220517,18569906.44,1,16490736.81
20220518,18587390.78,1,16492372.80
20220519,18598050.12,5,8630444.83
20220520,18705660.48,5,8631301.03
20220523,18755112.34,5,8632157.31
20220524,18500991.64,5,8633013.67
20220525,18569803.88,5,8633870.12
20220526,18528015.37,5,8634726.66
20220527,18562805.09,5,8635583.28
20220530,18808817.09,5,8636439.98
20220531,19053175.47,5,8637296.77
20220601,19129794.07,5,8638153.65
20220602,19799177.22,5,8639010.61
20220606,20193741.89,5,8639867.65
20220607,19941997.64,5,8640724.78
20220608,19825482.03,5,8641581.99
20220609,19536719.71,5,8642439.29
20220610,19891459.39,5,8643296.68
20220613,19911273.51,5,8644154.15
20220614,19514183.87,5,8645011.70
20220615,19467813.37,5,8645869.34
20220616,19646621.93,5,8646727.07
20220617,19642989.15,5,8647584.88
20220620,19553755.62,5,9458007.00
20220621,19501451.85,5,9458945.29
20220622,19229618.92,5,9459883.68
20220623,19557658.19,5,9460822.16
20220624,19626348.40,5,9461760.73
20220627,19857521.61,5,9462699.40
20220628,20107513.45,5,9463638.16
20220629,19995862.75,5,9464577.01
20220630,20040845.57,5,9465515.96
20220701,19972156.65,5,9466455.00
20220704,19635170.15,5,9467394.13
20220705,19539509.86,5,9468333.36
20220706,19857229.94,5,9469272.67
20220707,19919188.05,5,9470212.09
20220708,19921040.28,5,9471151.59
20220711,19646885.74,5,9472091.19
20220712,19469580.80,5,9473030.88
20220713,19413956.92,5,9473970.67
20220714,19658843.71,5,9474910.54
20220715,19905374.97,5,9475850.52
20220718,19863452.14,5,9476790.58
20220719,19834937.14,5,9638707.62
20220720,19836165.12,5,9639663.85
20220721,19929320.31,5,9640620.16
20220722,19824823.22,5,9641576.57
20220725,19745068.11,5,9642533.08
20220726,20132570.45,5,9643489.68
20220727,20054371.06,5,9644446.37
20220728,20146761.36,5,9645403.16
20220729,20082943.86,5,9646360.05
20220801,20373119.71,5,9647317.03
20220802,20561175.96,5,9648274.10
20220803,20890644.23,5,9649231.27
20220804,21132691.05,5,9650188.54
20220805,21692202.69,5,9651145.90
20220808,21689260.29,5,9652103.35
20220809,22146904.10,5,9653060.90
20220810,22250024.93,5,9654018.55
20220811,22301982.04,5,9654976.29
20220812,21839657.01,5,9655934.12
20220815,22035000.35,5,9656892.05
20220816,21966047.66,5,9657850.08
20220817,22096441.02,5,11013808.67
20220818,22036725.63,5,11014901.31
20220819,21822191.15,5,11015994.05
20220822,21901404.19,5,11017086.91
20220823,21842279.01,5,11018179.88
20220824,21377824.45,5,11019272.95
20220825,21401573.97,5,11020366.13
20220826,21301124.70,5,11021459.42
20220829,21292765.07,5,11022552.82
20220830,21267409.17,5,11023646.33
20220831,20959713.23,5,11024739.94
20220901,20860576.10,5,11025833.67
20220902,21076562.68,5,11026927.50
20220905,21038175.82,5,11028021.44
20220906,21192208.55,5,11029115.49
20220907,21531709.56,5,11030209.65
20220908,21355524.07,5,11031303.92
20220909,21282963.77,5,11032398.29
20220913,21263532.20,5,11033492.77
20220914,21097325.68,5,11034587.37
20220915,20787529.96,4,12956256.50
20220916,20652746.81,4,12767963.92
20220919,20549110.25,4,12769230.58
20220920,20711363.08,4,12770497.37
20220921,20606208.56,4,12771764.29
20220922,20565072.55,4,12773031.33
20220923,20479062.61,4,12774298.49
20220926,20367240.15,4,12775565.78
20220927,20389983.84,4,12776833.20
20220928,20249430.20,4,12778100.74
20220929,20375931.52,4,12779368.41
20220930,20328062.59,4,12780636.21
20221010,20120149.82,4,12781904.13
20221011,20212641.40,4,12783172.17
20221012,20530143.76,4,12784440.34
20221013,20438406.81,4,12785708.64
20221014,20540027.58,4,12786977.07
20221017,20542334.92,4,12788245.62
20221018,20538877.60,4,12789514.29
20221019,20482216.77,4,12790783.09
20221020,20404620.08,4,12792052.02
20221021,20457401.16,4,12793321.07
20221024,20365915.00,5,10398309.72
20221025,20383805.12,5,10399341.30
20221027,21257000.30,5,10400372.98
20221028,20992566.35,5,10401404.76
20221031,21427661.14,5,10402436.64
20221101,21644678.24,5,10403468.63
20221102,21683586.24,5,10404500.72
20221103,21906594.88,5,10405532.91
20221104,22066555.38,5,10406565.21
20221107,21942655.98,5,10407597.61
20221108,21838674.97,5,10408630.11
20221109,21704198.15,5,10409662.71
20221110,21501592.28,5,10410695.41
20221111,21721293.85,5,10411728.22
20221114,21844570.65,5,10412761.13
20221115,22192984.81,5,10413794.14
20221116,22139628.06,5,10414827.26
20221117,22350098.70,5,10415860.47
20221118,22121214.20,5,10416893.79
20221121,22164215.52,5,10417927.22
20221122,21895402.25,5,10418960.74
20221123,21665414.76,5,11697809.48
20221124,21694757.74,5,11698969.98
20221125,21493568.01,5,11700130.59
20221128,21331945.51,5,11701291.32
20221129,21583161.16,5,11702452.16
20221130,21545456.79,5,11703613.12
20221201,21759831.25,5,11704774.19
20221202,21797132.37,5,11705935.38
20221205,21597996.79,5,11707096.68
20221206,21759049.29,5,11708258.10
20221207,21748715.96,5,11709419.63
20221208,21820518.15,5,11710581.28
20221209,21861119.26,5,11711743.05
20221212,22032354.08,5,11712904.93
20221213,21651523.76,5,11714066.92
20221214,21688583.44,5,11715229.03
20221215,21980500.11,5,11716391.25
20221216,21960558.51,5,11717553.60
20221219,21606017.41,5,11718716.05
20221220,21712412.97,5,11719878.62
20221221,21537583.48,5,11721041.31
20221222,21171109.48,5,11460756.64
20221223,21057364.12,5,11461893.62
20221226,21299297.62,5,11463030.71
20221227,21479434.17,5,11464167.92
20221228,21446446.10,5,11465305.23
20221229,21300830.97,5,11466442.67
20221230,21206071.65,5,11467580.21
20230103,21378340.62,5,11468717.87
20230104,20934866.13,5,11469855.64
20230105,21127800.96,5,11470993.52
20230106,21183573.94,5,11472131.51
20230109,21386123.51,5,11473269.62
20230110,21513471.43,5,11474407.84
20230111,21453722.27,5,11475546.18
20230112,21473376.20,5,11476684.62
20230113,21513286.52,5,11477823.18
20230116,21706134.39,5,11478961.86
20230117,21947063.28,5,11480100.64
20230118,22121962.61,5,11481239.54
20230119,22190132.09,5,11482378.55
20230120,22329483.61,5,11483517.68
20230130,22518213.26,5,12169711.89
20230131,22390083.89,5,12170919.21
20230201,22717692.16,5,12172126.64
20230202,22677461.61,5,12173334.19
20230203,22560144.86,5,12174541.86
20230206,22420668.87,5,12175749.65
20230207,22508801.17,5,12176957.57
20230216,22577719.15,5,12178165.60
20230217,22358236.37,5,12179373.75
20230220,22714613.61,5,12180582.02
20230221,22854713.81,5,12181790.41
20230222,22732401.61,5,12182998.92
20230223,22652048.78,5,12184207.55
20230224,22595123.41,5,12185416.30
20230227,22556369.14,5,12186625.17
20230228,22695579.23,5,12187834.16
20230301,22896101.92,5,12189043.28
20230302,22776416.54,5,12190252.51
20230303,22697950.23,5,12191461.86
20230306,22658219.86,5,12192671.33
20230307,22417013.59,5,12193880.92
20230308,22354819.14,5,12387213.85
20230309,22573084.71,5,12388442.74
20230310,22397540.72,5,12389671.76
20230313,22546354.57,5,12390900.89
20230314,22845824.89,5,12392130.15
20230315,22880972.84,5,12393359.53
20230316,22680444.38,5,12394589.03
20230317,23067336.51,5,12395818.65
20230320,23517862.20,5,12397048.39
20230321,23387541.07,5,12398278.26
20230322,23677125.64,5,12399508.24
20230323,24040945.22,5,12400738.35
20230324,24093961.12,5,12401968.59
20230327,24065564.76,5,12403198.94
20230328,23671687.07,5,12404429.42
20230329,24010809.28,5,12405660.02
20230330,24170424.00,5,12406890.74
20230331,24367427.60,5,12408121.58
20230403,25022015.27,5,12409352.54
20230404,25018667.34,5,12410583.63
20230406,25713358.96,5,12411814.84
20230407,25686962.07,5,15719356.79
20230410,25484772.96,5,15720916.25
20230411,25581269.65,5,15722475.87
20230412,25748993.09,5,15724035.64
20230413,25468831.57,5,15725595.56
20230414,25706255.80,5,15727155.64
20230417,25708527.61,5,15728715.87
20230418,25574382.41,5,15730276.26
20230419,25572755.50,5,15731836.80
20230420,25730842.07,5,15733397.50
20230421,25261332.02,5,15734958.36
20230424,25091748.70,5,15736519.36
20230425,25075236.93,5,15738080.53
20230426,24990862.03,5,15739641.84
20230427,25030397.20,5,15741203.32
20230428,25102818.11,5,15742764.94
20230504,25098918.85,5,15744326.73
20230505,25102588.00,5,15745888.66
20230508,25174364.35,5,15747450.75
20230509,25079343.89,5,15749013.00
20230510,24833287.57,5,15750575.40
20230511,24842284.18,5,15424575.14
20230512,24661487.66,5,15426105.35
20230515,24814923.03,5,15427635.72
20230516,24692100.97,5,15429166.24
20230517,24711260.56,5,15430696.91
20230518,25192271.19,5,15432227.73
20230519,25252317.09,5,15433758.71
20230522,25379355.04,5,15435289.83
20230523,25392599.53,5,15436821.11
20230524,25371681.15,5,15438352.54
20230525,25361523.00,5,15439884.13
20230526,26112652.00,5,15441415.86
20230529,26384718.12,5,15442947.75
20230530,26666448.72,5,15444479.79
20230531,26748201.27,5,15446011.98
20230601,26703435.07,5,15447544.32
20230602,26627409.02,5,15449076.81
20230605,26689616.59,5,15450609.46
20230606,26429613.09,5,15452142.26
20230607,26440678.05,5,15453675.21
20230608,26236064.97,5,15455208.31
20230609,26561947.00,5,16594341.72
20230612,26849342.97,5,16595987.98
20230613,27165569.58,5,16597634.41
20230614,27815406.91,5,16599281.00
20230615,27604091.98,5,16600927.75
20230616,28081457.50,5,16602574.67
20230619,29005689.75,5,16604221.75
20230620,29095259.57,5,16605868.99
20230621,28415399.85,5,16607516.40
20230626,27925519.07,5,16609163.97
20230627,27793170.21,5,16610811.71
20230628,27413870.55,5,16612459.61
20230629,27519287.33,5,16614107.67
20230630,27732243.82,5,16615755.89
20230703,27529855.83,5,16617404.28
20230704,27509742.18,5,16619052.83
20230705,27393060.24,5,16620701.55
20230706,27480938.25,5,16622350.43
20230707,27201329.66,5,16623999.47
20230710,27105455.57,4,18600902.77
20230711,27292741.48,4,18602748.10
20230712,26719937.92,5,16752332.63
20230713,27264566.74,5,16753994.57
20230714,27489214.05,5,16755656.67
20230717,27293653.05,5,16757318.94
20230718,27133115.28,5,16758981.37
20230719,27158619.75,5,16760643.97
20230720,26973419.41,5,16762306.73
20230721,26725338.56,5,16763969.66
20230724,26737560.16,5,16765632.75
20230725,26967368.87,5,16767296.01
20230726,26923776.07,5,16768959.43
20230727,26768738.11,5,16770623.02
20230728,26810139.27,5,16772286.77
20230731,26883782.21,5,16773950.69
20230801,26985747.53,5,16775614.77
20230802,27045320.89,5,16777279.02
20230803,26925360.34,5,16778943.43
20230804,26902469.06,5,16780608.01
20230807,26980331.54,5,16782272.75
20230808,27035788.95,5,16783937.66
20230809,26780745.14,4,18603652.97
20230810,26756162.62,5,16788557.33
20230811,26544509.90,5,16790222.86
20230828,26354428.85,5,16791888.56
20230829,26457997.34,5,16793554.42
20230830,26462696.00,5,16795220.45
20230831,26321567.85,5,16796886.64
20230901,26323138.10,5,16798553.00
20230904,26554547.73,5,16800219.52
20230905,26542841.11,5,16801886.21
20230906,26334819.05,5,16803553.07
20230907,26182466.57,5,16805220.08
20230908,26144599.83,5,16806887.27
20230911,26411040.29,5,16808554.62
20230912,26413823.98,5,16810222.13
20230913,26326634.24,5,16811889.82
20230914,26354604.87,5,16813557.66
20230915,26420918.97,5,16815225.67
20230918,26528506.01,5,16816893.85
20230919,26465423.29,5,16818562.19
20230920,26371293.60,5,16820230.70
20230921,26255293.45,5,16821899.37
20230922,26366079.49,3,20385516.32
20230925,26268331.73,3,20387538.69
20230926,26219802.33,3,20389561.26
20230927,26224436.10,3,20391584.04
20230928,26397486.02,3,20393607.01
20231009,26469633.99,3,20395630.19
20231010,26592303.63,3,20397653.56
20231011,26631590.89,3,20399677.14
20231012,26713646.19,3,20401700.92
20231013,26642723.31,3,20403724.89
20231016,26474109.22,3,20405749.07
20231017,26385461.40,3,20407773.45
20231018,26223759.28,3,20409798.03
20231019,26179682.57,3,20411822.82
20231020,25975231.55,3,20413847.80
20231023,25783688.35,3,20415872.98
20231024,25986896.71,3,20417898.37
20231025,26051614.81,3,20419923.95
20231026,26097129.48,3,20421949.74
20231027,26262145.74,3,20423975.72
20231030,26364934.04,3,20426001.91
20231031,26242529.57,5,16274924.29
20231101,26301873.78,5,16276538.87
20231102,26045898.58,5,16278153.60
20231103,26462645.74,5,16279768.50
20231106,26716693.02,5,16281383.55
20231107,26810034.63,5,16282998.77
20231108,26867552.07,5,16284614.15
20231109,26997822.34,5,16286229.69
20231110,26811715.26,5,16287845.38
20231113,26842925.82,5,16289461.24
20231114,26986748.61,5,16291077.26
20231115,26957746.32,5,16292693.44
20231116,26892355.05,5,16294309.78
20231117,27113752.03,5,16295926.27
20231120,27289989.05,5,16297542.93
20231121,26972093.70,5,16299159.75
20231122,26843876.16,5,16300776.73
20231123,27123369.25,5,16302393.87
20231124,26915988.14,5,16304011.17
20231127,26944516.22,5,16305628.64
20231128,27072093.04,5,16307246.26
20231129,27052605.55,5,16660365.19
20231130,26951875.26,5,16662018.00
20231201,27246318.84,5,16663670.98
20231204,27252727.59,5,16665324.12
20231205,26705491.34,5,16666977.43
20231206,26658260.33,5,16668630.90
20231207,26672067.91,5,16670284.53
20231208,27100780.10,5,16671938.33
20231211,27120369.85,5,16673592.29
20231212,27175026.98,5,16675246.42
20231213,26894403.90,5,16676900.71
20231214,26891423.15,5,16678555.16
20231215,26617250.87,5,16680209.78
20231218,26579396.32,5,16681864.56
20231219,26691495.29,5,16683519.51
20231220,26366130.51,5,16685174.62
20231221,26704215.06,5,16686829.90
20231222,26611889.01,5,16688485.34
20231225,26571509.15,5,16690140.94
20240110,25812172.65,5,16691796.71
20240111,26017095.48,5,16693452.64
20240112,25883585.86,5,16302806.71
20240115,25881592.86,5,16304424.05
20240116,25903799.88,5,16306041.55
20240117,25656865.58,5,16307659.21
20240118,25793495.27,5,16309277.04
20240119,25773774.11,5,16310895.02
20240122,25418982.88,5,16312513.17
20240123,25594086.98,5,16314131.47
20240124,25492981.27,4,17717064.10
20240125,25785495.51,4,17718821.74
20240126,25484606.88,4,17720579.56
20240129,25267969.20,4,17722337.56
20240130,24988174.72,4,17724095.72
20240131,24782801.50,4,17725854.07
20240201,24852794.92,4,17727612.58
20240202,24607534.07,4,17729371.28
20240205,24430782.28,4,17731130.14
20240206,24925854.53,4,17732889.18
20240207,25090772.93,4,17734648.40
20240208,25353331.51,4,17736407.79
20240219,25426491.40,4,17738167.35
20240220,25385767.59,5,15588447.19
20240221,25319188.73,5,15589993.66
20240222,25590211.20,5,15591540.28
20240223,25600065.94,5,15593087.06
20240226,25730899.54,5,15594634.00
20240227,26066993.63,5,15596181.08
20240228,25621615.61,5,15597728.32
20240229,26013803.11,5,15599275.72
20240301,26434585.81,5,15600823.27
20240304,26542917.22,5,15602370.97
20240305,26445598.57,5,15603918.82
20240306,26356016.98,5,15605466.83
20240307,26293376.70,5,15607014.99
20240308,26490124.53,5,15608563.30
20240311,26616410.36,5,15610111.77
20240312,26657344.13,5,15611660.40
20240313,26558139.52,5,15613209.17
20240314,26407006.35,5,15614758.10
20240315,26528554.28,5,15616307.18
20240318,26876214.94,5,15617856.42
20240319,26824774.13,5,15619405.81
20240327,25889298.01,5,15921692.73
20240328,26289414.88,5,15923272.26
20240329,26337606.30,5,15924851.95
20240401,26441291.55,5,15926431.80
20240402,26300070.15,5,15928011.80
20240403,26038966.74,5,15929591.96
20240408,25841875.13,5,15931172.28
20240409,25952678.47,5,15932752.75
20240410,25850259.58,5,15934333.38
20240411,25906606.73,5,15935914.17
20240412,25923050.22,5,15937495.11
20240415,26018337.71,5,15939076.21
20240416,25755118.34,5,15940657.47
20240417,26050467.66,5,15942238.89
20240418,26050159.34,5,15943820.46
20240419,25853561.43,5,15945402.19
20240422,25821718.97,5,15946984.07
20240423,25834448.86,5,15948566.11
20240424,26085114.72,5,15950148.31
20240425,26092246.30,5,15951730.67
20240426,26446432.32,5,15953313.18
20240429,26683846.53,5,16528393.02
20240430,26458125.31,5,16530032.74
20240506,26678262.11,5,16531672.63
20240507,26553397.89,5,16533312.68
20240508,26306862.47,5,16534952.89
20240509,26518085.42,5,16536593.26
20240510,26392145.96,5,16538233.79
20240513,26263012.22,5,16539874.49
20240514,26272894.32,5,16541515.35
20240515,26165077.51,5,16543156.37
20240516,26248967.35,5,16544797.56
20240517,26392335.69,5,16546438.91
20240520,26533817.93,5,16548080.42
20240521,26508642.76,5,16549722.10
20240522,26539122.02,5,16551363.93
20240523,26263479.84,5,16553005.93
20240524,26002092.71,5,16554648.10
20240527,26222759.61,5,16556290.42
20240528,26079479.10,5,16557932.91
20240529,26058119.90,5,16559575.56
20240530,26222971.10,5,16561218.38
20240531,26213037.73,5,16245432.44
20240603,26321973.09,5,16247044.09
20240604,26466149.91,5,16248655.90
20240605,26438107.73,5,16250267.87
20240606,26565740.63,5,16251880.00
20240607,26498478.21,5,16253492.29
20240611,26766025.94,5,16255104.74
20240612,26707117.84,5,16256717.35
20240613,26574632.46,5,16258330.12
20240614,26462206.55,5,16259943.05
20240617,26525802.34,5,16261556.14
20240618,26490522.79,5,16263169.39
20240619,26586330.57,5,16264782.80
20240620,26548303.32,5,16266396.37
20240621,26507277.01,5,16268010.10
20240624,26338291.09,5,16269623.99
20240625,26123708.34,5,16271238.04
20240626,26385270.40,5,16272852.25
20240627,26116785.64,5,16274466.62
20240628,26159277.29,5,16276081.15
20240701,26225859.29,5,16277695.84
20240702,25969829.59,5,16015639.66
20240703,26021656.66,5,16017228.51
20240704,26018402.89,5,16018817.52
20240705,26051393.30,5,16020406.69
20240708,26156593.73,5,16021996.01
20240709,26625007.12,5,16023585.50
20240710,26836414.27,5,16025175.14
20240711,27013183.24,5,16026764.94
20240712,27035844.57,5,16028354.89
20240715,27131149.37,5,16029945.01
20240716,27519004.47,5,16031535.28
20240717,27108354.22,5,16033125.71
20240718,27075584.96,5,16034716.30
20240719,26995924.53,5,16036307.05
20240722,27032264.67,5,16037897.95
20240723,26501345.92,5,16039489.01
20240724,26404701.60,5,16041080.23
20240725,26237879.30,5,16042671.61
20240726,26385488.50,5,16044263.14
20240729,26353090.10,5,16045854.83
20240730,26386855.13,5,16047446.68
20240731,26644283.74,5,16676678.45
20240801,26652022.07,5,16678332.88
20240802,26413699.04,5,16679987.48
20240805,25943596.71,5,16681642.24
20240806,26214870.70,5,16683297.17
20240807,26107667.79,5,16684952.26
20240808,26160937.03,5,16686607.51
20240809,26045460.36,5,16688262.93
20240812,25912630.42,5,16689918.51
20240813,25942332.13,5,16691574.25
20240814,25735121.77,5,16693230.16
20240815,25813797.84,5,16694886.24
20240816,25849999.04,5,16696542.48
20240819,25796183.49,5,16698198.88
20240820,25663284.73,5,16699855.45
20240821,25646964.17,5,16701512.18
20240822,25503298.35,5,16703169.08
20240823,25416809.88,5,16704826.14
20240826,25443203.09,5,16706483.36
20240827,25414753.42,5,16708140.75
20240828,25433102.13,5,16709798.30
20240829,25499744.99,5,15532139.71
20240830,25813379.92,5,15533680.59
20240902,25656293.33,5,15535221.63
20240903,25808751.12,5,15536762.83
20240904,25735957.41,5,15538304.17
20240905,25839298.15,5,15539845.67
20240906,25540110.03,5,15541387.32
20240909,25447910.21,5,15542929.13
20240910,25567955.64,5,15544471.08
20240911,25695179.06,5,15546013.19
20240912,25578559.76,5,15547555.46
20240913,25299520.38,5,15549097.87
20240918,25204797.88,5,15550640.44
20240919,25338794.83,5,15552183.16
20240920,25168646.29,5,15553726.04
20240923,25211372.36,5,15555269.07
20240924,25666935.56,5,15556812.25
20240925,25729160.73,5,15558355.58
20240926,26111565.73,5,15559899.07
20240927,26756697.60,5,15561442.71
20240930,27999114.84,5,15562986.51
20241008,29257176.18,5,19289570.89
20241009,29307349.96,5,19291484.54
20241010,29185634.85,5,19293398.38
20241011,28960529.12,5,19295312.41
20241014,29521437.24,5,19297226.62
20241015,29329212.38,5,19299141.03
20241016,28979229.98,5,19301055.63
20241017,28990167.85,5,19302970.42
20241018,29890742.03,5,19304885.39
20241021,30067369.46,5,19306800.56
20241022,30023350.13,5,19308715.92
20241023,29912154.25,5,19310631.46
20241024,29834010.83,5,19312547.20
20241025,29866276.86,5,19314463.13
20241028,29767825.59,5,19316379.25
20241029,29832363.07,5,19318295.55
20241030,29892773.75,5,19320212.05
20241031,29904585.93,5,19322128.74
20241101,29659954.24,5,19324045.62
20241104,29920387.23,5,19325962.69
20241105,30166245.27,5,19327879.94
20241106,30217178.71,5,20249573.42
20241107,30345089.46,5,20251582.31
20241108,30476584.12,5,20253591.40
20241111,31014142.03,5,20255600.68
20241112,30771241.25,5,20257610.17
20241113,30978114.38,5,20259619.85
20241114,30590085.30,5,20261629.73
20241115,30139883.52,5,20263639.81
20241118,29645925.11,5,20265650.10
20241119,29880450.68,5,20267660.58
20241120,30049351.83,5,20269671.26
20241121,30040323.96,5,20271682.14
20241122,29510860.11,5,20273693.22
20241125,29340195.85,5,20275704.50
20241126,29322866.21,5,20277715.97
20241127,29636268.89,5,20279727.65
20241128,29566011.35,5,20281739.53
20241129,29794951.02,5,20283751.61
20241202,30007285.89,5,20285763.88
20241203,29821872.80,5,20287776.36
20241204,29639032.54,5,20289789.04
20241205,29730314.51,0,29730314.51
20241206,29733263.95,0,29733263.95
20241209,29736213.67,0,29736213.67
20241210,29739163.69,0,29739163.69
20241211,29742114.01,0,29742114.01
20241212,29745064.62,0,29745064.62
20241213,29748015.51,0,29748015.51
20241216,29750966.71,0,29750966.71
20241217,29753918.19,0,29753918.19
20241218,29756869.97,0,29756869.97
20241219,29759822.04,0,29759822.04
20241220,29762774.40,0,29762774.40
20241223,29765727.06,0,29765727.06
20241224,29768680.01,0,29768680.01
20241225,29771633.25,0,29771633.25
20241226,29774586.79,0,29774586.79
20241227,29777540.61,0,29777540.61
20241230,29780494.73,0,29780494.73
20241231,29783449.15,0,29783449.15
20250102,29786403.86,0,29786403.86
20250103,29789358.86,0,29789358.86
20250106,29765604.73,4,21791520.50
20250107,30140578.88,4,21793682.36
20250108,30239224.28,4,21795844.43
20250109,30405813.75,4,21798006.71
20250110,30078968.64,4,21800169.21
20250113,29894977.46,4,21802331.93
20250114,30378967.26,4,21804494.86
20250115,30447054.09,4,21806658.00
20250116,30393661.69,4,21808821.36
20250117,30686928.91,4,21810984.94
20250120,30876910.38,4,21813148.72
20250121,31101413.77,4,21815312.73
20250122,31407891.99,4,21817476.94
20250123,31468930.99,4,21819641.38
20250124,31864809.37,4,21821806.02
20250127,31909038.82,4,21823970.89
20250205,31529171.20,4,21826135.96
20250206,31829741.87,4,21828301.25
20250207,32166398.48,4,21830466.76
20250210,32189151.09,4,21832632.48
20250211,32257047.80,4,21834798.42
20250212,32329558.54,5,22361953.26
20250213,32090293.46,5,22364171.71
20250214,32058508.69,5,22366390.38
20250217,32235652.79,5,22368609.26
20250218,32081597.49,5,22370828.37
20250219,32307802.41,5,22373047.70
20250220,32591622.49,5,22375267.25
20250221,32722081.15,5,22377487.02
20250224,32912126.94,5,22379707.01
20250225,32813681.00,5,22381927.22
20250226,32902437.68,5,22384147.65
20250227,32650241.22,5,22386368.29
20250228,32135924.41,5,22388589.16
20250303,32068694.81,5,22390810.25
20250304,32123951.38,5,22393031.57
20250305,32299405.66,5,22395253.10
20250311,32508893.63,5,22397474.85
20250312,32475635.08,5,22399696.82
20250327,32142224.04,5,22401919.01
20250328,32132526.21,5,22404141.42
20250331,32092264.29,5,22406364.06
20250401,31963298.78,3,25982735.61
20250402,32026526.58,3,25985313.26
20250403,31822852.74,3,25987891.17
20250407,30952380.10,3,25990469.33
20250408,31003640.67,3,25993047.75
20250409,31118559.92,3,25995626.42
20250410,31280653.62,3,25998205.36
20250411,31523700.64,3,26000784.54
20250414,31524647.82,3,26003363.99
20250415,31560690.25,3,26005943.68
20250416,31434147.03,3,26008523.64
20250417,31396468.06,3,26011103.85
20250418,31364956.74,3,26013684.32
20250421,31459388.24,3,26016265.04
20250422,31491084.58,3,26018846.02
20250423,31731756.42,3,26021427.25
20250424,31605402.14,3,26024008.74
20250425,31697664.89,3,26026590.49
20250428,31649078.56,3,26029172.49
20250429,31643065.40,3,26031754.75
20250430,31729798.14,3,26034337.27
20250506,31868736.15,2,27881694.03
20250507,31837671.28,2,27884460.08
20250508,31822102.13,2,27887226.39
20250509,31745614.43,2,27889992.98
20250512,31770130.26,2,27892759.85
20250513,31775713.90,2,27895526.98
20250514,31764145.16,2,27898294.40
20250515,31663458.82,2,27901062.09
20250516,31699675.75,2,27903830.05
20250519,31723032.52,2,27906598.29
20250520,31775181.72,2,27909366.80
20250521,31737662.21,2,27912135.58
20250522,31656543.69,2,27914904.64
20250523,31615115.60,2,27917673.98
20250526,31685870.75,2,27920443.59
20250527,31588056.30,2,27923213.48
20250528,31561431.14,2,27925983.64
20250529,31726428.89,2,27928754.07
20250530,31601884.64,2,27931524.78
20250603,31659206.11,2,27934295.77
20250604,31710826.58,2,27937067.02
20250605,31747280.89,3,25766717.72
20250606,31749740.82,3,25769273.95
20250609,31764583.23,3,25771830.42
20250610,31684204.49,3,25774387.15
20250611,31747569.97,3,25776944.13
20250612,31761142.58,3,25779501.37
20250613,31748087.73,3,25782058.86
20250616,31889666.38,3,25784616.60
20250617,31858314.29,3,25787174.60
20250618,31977998.61,3,25789732.85
20250619,32101968.84,3,25792291.36
20250620,31920407.92,3,25794850.12
20250623,31840570.63,3,25797409.13
20250624,31890083.64,3,25799968.40
20250625,32005806.90,3,25802527.92
20250626,31947054.00,3,25805087.69
20250627,32043486.63,3,25807647.72
20250630,32124835.30,3,25810208.00
20250701,32225006.38,3,25812768.54
20250702,32052131.88,3,25815329.33
20250703,32079371.37,3,25817890.37
20250704,32021808.81,3,26041245.64
20250707,32004486.62,3,26043829.10
20250708,32354805.01,3,26046412.81
20250709,32311632.92,3,26048996.78
20250710,32301669.55,3,26051581.01
20250711,32258286.18,3,26054165.49
20250714,32346727.32,3,26056750.23
20250715,32415246.05,3,26059335.22
20250716,32341456.12,3,26061920.47
20250717,32685968.70,3,26064505.98
20250718,32666724.23,3,26067091.75
20250721,32648088.65,3,26069677.77
20250722,32652694.33,3,26072264.04
20250723,32599276.58,3,26074850.58
20250724,32897720.17,3,26077437.37
20250725,32905131.97,3,26080024.42
20250728,32924513.88,3,26082611.72
20250818,35132517.44,3,26085199.28
20250819,35703804.76,3,26087787.10
20250820,35721695.65,3,26090375.17
20250821,35197865.44,3,26092963.50
20250822,35324178.66,5,25356573.38
20250825,36018415.44,5,25359088.91
20250826,35907421.05,5,25361604.70
20250827,35785073.00,5,25364120.73
20250828,36071606.36,5,25366637.01
20250829,36093377.80,5,25369153.54
20250901,36276051.64,5,25371670.32
20250902,35721094.75,5,25374187.35
20250903,35730902.10,5,25376704.63
20250904,35247254.21,5,25379222.16
20250905,35609475.53,5,25381739.94
20250908,35541888.68,5,25384257.97
20250909,35601600.47,5,25386776.25
20250910,35666463.21,5,25389294.78
20250911,36209956.07,5,25391813.56
20250912,36397005.11,5,25394332.59
20250915,36317924.08,5,25396851.87
20250916,36494095.71,5,25399371.40
20250917,36360776.36,5,25401891.18
20250918,36331292.24,5,25404411.21
20250919,36298149.25,5,25406931.49
20250922,36569654.20,5,26602048.92
20250923,36457943.91,5,26604688.01
20250924,36565977.65,5,26607327.36
20250925,36449706.05,5,26609966.98
20250926,36209214.48,5,26612606.86
20250929,36798087.62,5,26615246.99
20250930,37158342.88,5,26617887.40
20251009,37630975.41,5,26620528.06
20251010,37226816.63,5,26623168.99
20251013,37357631.00,5,26625810.17
20251014,37049191.11,5,26628451.62
20251015,37273507.57,5,26631093.33
20251016,37419436.85,5,26633735.31
20251017,36878044.10,5,26636377.54
20251020,36835962.68,5,26639020.04
20251021,37226099.36,5,26641662.80
20251022,37493997.34,5,26644305.82
20251023,37633797.67,5,26646949.11
20251024,38222003.41,5,26649592.65
20251027,38405081.50,5,26652236.46
20251028,38609556.32,5,26654880.53
20251029,38716324.46,5,28748719.18
20251030,38580705.54,5,28751571.24
20251031,38087339.82,5,28754423.58
20251103,38095187.07,5,28757276.20
20251104,37993478.21,5,28760129.10
20251105,38099539.03,5,28762982.29
20251106,38484037.77,5,28765835.76
20251107,38406280.93,5,28768689.51
20251110,38207260.78,5,28771543.55
20251111,37962389.34,5,28774397.87
20251112,37963866.42,5,28777252.47
20251113,37902564.20,5,28780107.36
20251114,37655888.29,5,28782962.53
20251117,37790425.90,5,28785817.98
20251118,37781498.92,5,28788673.72
20251119,37839667.23,5,28791529.74
20251120,37748246.23,5,28794386.04
20251121,37249043.31,5,28797242.62
20251124,37308154.59,5,28800099.49
20251125,37683970.61,5,28802956.65
20251126,38050722.29,5,28805814.08
20251127,37914172.90,5,28027622.87
20251128,37937535.07,5,28030403.39
20251201,37985490.77,5,28033184.19
20251202,37918169.04,5,28035965.26
20251203,37915112.62,5,28038746.60
20251204,37888304.93,5,28041528.22
20251205,37999362.35,5,28044310.12
20251208,38681951.04,5,28047092.29
20251209,38939545.51,5,28049874.74
20251210,39148854.76,5,28052657.47
20251211,38981920.80,5,28055440.47
20251212,39204004.17,5,28058223.75
20251215,38679503.83,5,28061007.30
20251216,38283392.88,5,28063791.13
20251217,38978341.60,5,28066575.24
20251218,39056107.54,5,28069359.62
20260105,39454461.69,5,28072144.28
20260106,39516640.89,5,28074929.22
20260107,39774349.39,5,28077714.43
20260108,39413117.90,5,28080499.91
20260109,39316222.86,5,28083285.68
20260112,39328992.48,5,29361387.19
20260113,39066946.45,5,29364300.03
20260114,39179532.07,5,29367213.15
20260115,39499172.97,5,29370126.57
20260116,39669208.86,5,29373040.27
20260119,39600420.20,5,29375954.26
20260120,39590988.59,5,29378868.54
20260121,39662296.34,5,29381783.11
20260122,39767491.15,5,29384697.97
20260123,39837896.96,5,29387613.12
20260126,39534965.47,5,29390528.56
20260127,39839063.81,5,29393444.29
20260128,40115244.26,5,29396360.30
20260129,39705598.53,5,29399276.61
20260206,39511178.49,5,29402193.20
20260209,39762199.80,5,29405110.09
20260210,39774712.52,5,29408027.26
20260211,39796117.39,5,29410944.73
20260212,40317309.22,5,29413862.48
20260213,40335841.30,5,29416780.52
20260224,40387550.50,5,29419698.85
20260225,40937230.29,5,30204675.30
20260226,41106508.62,5,30207671.80
20260227,40839301.03,5,30210668.59
20260302,40903656.69,5,30213665.68
20260303,40583098.98,5,30216663.07
20260304,40432065.98,5,30219660.75
20260305,40650827.71,5,30222658.74
20260306,40590460.21,5,30225657.02
20260309,40458061.97,5,30228655.59
20260310,40664453.09,5,30231654.47
20260311,40578378.69,5,30234653.64
20260312,40441497.12,5,30237653.11
20260313,40431747.78,5,30240652.88
20260316,40662426.53,5,30243652.94
20260317,40319408.38,5,30246653.30
20260318,40666331.62,5,30249653.96
20260319,40612110.26,5,30252654.92
20260320,40712376.12,5,30255656.18
20260323,40257768.65,5,30258657.73
20260324,40449984.23,5,30261659.58
20260325,40649478.30,5,30264661.73
20260326,40339706.73,3,34359143.56
20260327,40399421.14,3,34362552.20
20260330,40440794.84,3,34365961.19
20260331,40221999.00,3,34369370.51
20260401,40434539.85,3,34372780.17
20260402,40274753.42,3,34376190.17
20260403,40236190.93,3,34379600.50
20260407,40360418.52,3,34383011.18
20260408,40737321.43,3,34386422.19
20260409,40765632.15,3,34389833.54
20260410,40809880.58,3,34393245.23
20260413,40725612.23,3,34396657.26
20260414,40910241.27,3,34400069.63
20260415,40740423.68,3,34403482.33
20260416,40892315.55,3,34406895.38
20260417,40857064.00,3,34410308.76
20260420,40845294.29,3,34413722.48
20260421,40786092.07,3,34417136.54
20260422,41003738.85,3,34420550.94
20260423,41041670.79,3,34423965.68
20260424,41031366.14,3,34427380.75
20260427,41479777.38,4,33006411.91
20260428,41191851.06,4,33009686.36
20260429,41616877.42,4,33012961.13
20260430,41658538.09,4,33016236.22
20260506,41724875.59,4,33019511.64
20260507,42080778.55,4,33022787.39
20260508,42179238.84,4,33026063.46
20260511,42615159.50,4,33029339.85
20260512,42790483.17,4,33032616.57
20260513,43057414.38,4,33035893.62
20260514,42862358.52,4,33039170.99
20260515,42948194.83,4,33042448.68
20260518,42813421.66,4,33045726.71
20260519,42870541.24,4,33049005.05
20260520,42933027.39,4,33052283.72
20260521,42420097.38,4,33055562.72
20260522,42870060.61,4,33058842.04
20260525,43171206.13,4,33062121.69
20260526,42998432.97,4,33065401.66
20260527,42870290.36,4,33068681.96
20260528,43215185.98,4,33071962.58
20260529,42788492.11,5,32820886.83
20260601,42443342.61,5,32824142.87
20260602,42845655.71,5,32827399.23
20260603,43105158.45,5,32830655.92
20260604,42967499.66,5,32833912.93
20260605,42560946.21,5,32837170.26
20260608,42390410.18,5,32840427.91
20260609,42929809.24,5,32843685.89
20260610,42907510.88,5,32846944.20
20260611,42954034.96,5,32850202.82
20260612,43038137.78,5,32853461.77
20260615,43715286.04,5,32856721.04
20260616,44056238.57,5,32859980.64
20260617,44541373.65,5,32863240.56
20260618,44977334.63,5,32866500.80
20260622,45449646.95,5,32869761.36
20260623,44928417.41,5,32873022.25
20260624,45464023.29,5,32876283.47
20260625,45619489.99,5,32879545.00
20260626,45039728.88,4,34343790.75
20260629,44798719.26,4,34347197.87
20260630,44970116.52,5,35002511.24
20260701,45055799.37,5,35005983.71
20260702,44603708.18,5,35009456.52
20260703,44561466.61,5,35012929.68
20260706,44635517.06,5,35016403.19
20260707,44395004.60,5,35019877.04
20260708,44315291.37,4,36543546.07
20260709,44812214.29,4,36547171.42
20260710,44619312.62,4,36550797.13
20260713,44252531.07,4,36554423.20
20260714,44522172.35,4,36558049.63
20260715,44307250.69,4,36561676.42
20260716,44246457.16,4,36565303.57
20260717,43903303.88,4,36568931.08
20260720,43794105.02,3,37957136.66
20260721,44179691.42,3,37960902.25
20260722,44286224.20,3,37964668.21
20260723,44252353.34,0,37968434.55
