code,name,buy_date,sell_date,ret,exit,hold_days
300054,鼎龙股份,20200210,20200310,0.4355,rebalance,21
601398,工商银行,20200210,20200310,-0.0247,rebalance,21
300502,新易盛,20200210,20200310,0.1947,rebalance,21
000938,紫光股份,20200210,20200319,0.0232,trail,22
300394,天孚通信,20200310,20200330,-0.2479,trail,8
000977,浪潮信息,20200210,20200413,-0.1231,trail,38
600900,长江电力,20200310,20200417,-0.0506,rebalance,21
300757,罗博特科,20200310,20200417,0.0790,rebalance,21
000657,中钨高新,20200417,20200521,0.1084,rebalance,21
300475,香农芯创,20200417,20200521,0.0605,rebalance,21
688008,澜起科技,20200417,20200521,0.0393,rebalance,21
603259,药明康德,20200521,20200622,0.1528,rebalance,21
600460,士兰微,20200521,20200622,0.0160,rebalance,21
000977,浪潮信息,20200521,20200622,-0.0116,rebalance,21
002371,北方华创,20200521,20200622,0.0397,rebalance,21
002837,英维克,20200622,20200727,-0.1235,trail,13
002050,三花智控,20200521,20200806,0.3361,rebalance,42
603738,泰晶科技,20200622,20200806,0.0596,rebalance,21
601288,农业银行,20200622,20200806,0.0308,rebalance,21
300475,香农芯创,20200622,20200908,0.2015,rebalance,42
600111,北方稀土,20200806,20200908,-0.1798,rebalance,21
600460,士兰微,20200806,20200908,-0.0618,rebalance,21
600276,恒瑞医药,20200806,20200908,0.0078,rebalance,21
300604,长川科技,20200908,20201015,-0.0382,rebalance,21
000657,中钨高新,20200908,20201015,-0.0352,rebalance,21
300666,江丰电子,20200908,20201015,-0.0023,rebalance,21
603738,泰晶科技,20200908,20201015,-0.1143,rebalance,21
300661,圣邦股份,20200908,20201019,-0.1002,trail,23
600030,中信证券,20201015,20201113,-0.0830,rebalance,21
002384,东山精密,20201015,20201113,0.0226,rebalance,21
000977,浪潮信息,20201015,20201113,-0.1068,rebalance,21
300394,天孚通信,20201015,20201113,0.0136,rebalance,21
601088,中国神华,20201113,20201207,0.2382,trail,16
300475,香农芯创,20201113,20201214,-0.0904,rebalance,21
601689,拓普集团,20201113,20201214,0.0275,rebalance,21
002050,三花智控,20201113,20201214,-0.1502,rebalance,21
601600,中国铝业,20201113,20201214,0.1198,rebalance,21
002837,英维克,20201214,20210113,0.0663,rebalance,21
300604,长川科技,20201214,20210113,0.3036,rebalance,21
300308,中际旭创,20201214,20210113,0.0245,rebalance,21
002466,天齐锂业,20201214,20210113,1.3059,rebalance,21
300661,圣邦股份,20210113,20210205,-0.0157,trail,17
600030,中信证券,20201214,20210218,-0.0394,rebalance,42
300502,新易盛,20210113,20210218,-0.0988,rebalance,21
688008,澜起科技,20210113,20210218,-0.0136,rebalance,21
000938,紫光股份,20210113,20210218,-0.1291,rebalance,21
300604,长川科技,20210218,20210309,-0.2318,trail,13
603738,泰晶科技,20210218,20210319,0.0863,rebalance,21
000977,浪潮信息,20210218,20210319,-0.1937,rebalance,21
600900,长江电力,20210218,20210319,0.0505,rebalance,21
000657,中钨高新,20210218,20210319,0.0964,rebalance,21
600276,恒瑞医药,20210319,20210420,-0.0956,rebalance,21
300620,光库科技,20210319,20210420,0.0779,rebalance,21
601689,拓普集团,20210420,20210512,-0.2714,trail,13
002384,东山精密,20210319,20210524,-0.1132,rebalance,42
300661,圣邦股份,20210420,20210524,0.0913,rebalance,21
688037,芯源微,20210420,20210524,0.1217,rebalance,21
600460,士兰微,20210420,20210524,0.4185,rebalance,21
600030,中信证券,20210524,20210623,-0.0266,rebalance,21
002837,英维克,20210524,20210623,0.0253,rebalance,21
601088,中国神华,20210524,20210623,0.0398,rebalance,21
600111,北方稀土,20210524,20210623,0.0531,rebalance,21
601899,紫金矿业,20210524,20210723,-0.0484,rebalance,42
300661,圣邦股份,20210623,20210723,0.4027,rebalance,21
688012,中微公司,20210623,20210723,0.1931,rebalance,21
000657,中钨高新,20210623,20210723,0.6593,rebalance,21
688008,澜起科技,20210623,20210723,0.0070,rebalance,21
603186,华正新材,20210723,20210819,-0.0713,trail,19
603259,药明康德,20210723,20210820,-0.2145,trail,20
601689,拓普集团,20210723,20210823,0.2079,rebalance,21
300604,长川科技,20210723,20210823,0.0311,rebalance,21
300054,鼎龙股份,20210723,20210823,-0.0021,rebalance,21
000977,浪潮信息,20210823,20210923,-0.0495,rebalance,21
600276,恒瑞医药,20210823,20210923,0.0061,rebalance,21
688037,芯源微,20210823,20210923,0.0346,rebalance,21
300373,扬杰科技,20210923,20211029,0.1290,rebalance,21
002371,北方华创,20210923,20211029,-0.0428,rebalance,21
600900,长江电力,20210923,20211029,-0.0058,rebalance,21
601899,紫金矿业,20210923,20211029,-0.0203,rebalance,21
603738,泰晶科技,20210923,20211029,0.0640,rebalance,21
300475,香农芯创,20211029,20211213,0.0856,rebalance,21
300394,天孚通信,20211029,20211213,0.3336,rebalance,21
600460,士兰微,20211029,20211213,0.0142,rebalance,21
300757,罗博特科,20211029,20211213,0.6624,rebalance,21
002837,英维克,20211029,20211213,0.0582,rebalance,21
601288,农业银行,20211213,20220214,0.0544,rebalance,21
601138,工业富联,20211213,20220214,-0.0832,rebalance,21
601600,中国铝业,20211213,20220214,-0.0625,rebalance,21
601689,拓普集团,20211213,20220214,0.0079,rebalance,21
603986,兆易创新,20211213,20220214,-0.2087,rebalance,21
600030,中信证券,20220214,20220315,-0.2404,trail,21
300757,罗博特科,20220214,20220315,-0.1624,trail,21
601088,中国神华,20220214,20220315,-0.1221,rebalance,21
601398,工商银行,20220214,20220315,-0.0857,rebalance,21
603259,药明康德,20220214,20220315,0.0912,rebalance,21
300604,长川科技,20220315,20220411,-0.1925,trail,17
600276,恒瑞医药,20220315,20220415,-0.0645,rebalance,21
300475,香农芯创,20220315,20220415,0.1008,rebalance,21
600900,长江电力,20220315,20220415,0.1267,rebalance,21
002851,麦格米特,20220315,20220415,-0.0447,rebalance,21
688008,澜起科技,20220415,20220519,0.0686,rebalance,21
300604,长川科技,20220519,20220620,0.1656,rebalance,21
000657,中钨高新,20220519,20220620,0.2575,rebalance,21
002371,北方华创,20220519,20220620,-0.0200,rebalance,21
601899,紫金矿业,20220519,20220620,0.0016,rebalance,21
688037,芯源微,20220519,20220719,0.0900,rebalance,42
600460,士兰微,20220620,20220719,-0.0081,rebalance,21
600030,中信证券,20220620,20220719,-0.0489,rebalance,21
000938,紫光股份,20220620,20220719,0.0475,rebalance,21
300666,江丰电子,20220620,20220817,0.5580,rebalance,42
601869,长飞光纤,20220719,20220817,0.1749,rebalance,21
002466,天齐锂业,20220719,20220817,-0.0555,rebalance,21
300620,光库科技,20220719,20220831,0.0898,trail,31
300054,鼎龙股份,20220719,20220916,0.2743,rebalance,42
600460,士兰微,20220817,20220916,-0.1674,rebalance,21
600183,生益科技,20220817,20220916,-0.2017,rebalance,21
601899,紫金矿业,20220817,20220928,-0.2085,trail,29
601398,工商银行,20220916,20221024,-0.0070,rebalance,21
601689,拓普集团,20220916,20221024,-0.0950,rebalance,21
300661,圣邦股份,20220916,20221024,0.0522,rebalance,21
688012,中微公司,20221024,20221123,0.0333,rebalance,21
300502,新易盛,20221024,20221123,0.2499,rebalance,21
300373,扬杰科技,20221024,20221123,0.1633,rebalance,21
603259,药明康德,20221024,20221123,0.1048,rebalance,21
000977,浪潮信息,20221024,20221123,0.0875,rebalance,21
002371,北方华创,20221123,20221222,-0.0196,rebalance,21
300620,光库科技,20221123,20221222,-0.0902,rebalance,21
603186,华正新材,20221123,20221222,0.0505,rebalance,21
300757,罗博特科,20221123,20221222,-0.0714,rebalance,21
002384,东山精密,20221123,20230130,0.0588,rebalance,42
300666,江丰电子,20221222,20230130,0.0689,rebalance,21
002460,赣锋锂业,20221222,20230130,0.0929,rebalance,21
300661,圣邦股份,20221222,20230130,0.1220,rebalance,21
601600,中国铝业,20221222,20230308,0.2789,rebalance,42
603986,兆易创新,20230130,20230308,-0.1685,rebalance,21
000938,紫光股份,20230130,20230308,0.0674,rebalance,21
002851,麦格米特,20230130,20230308,-0.0063,rebalance,21
600111,北方稀土,20230130,20230308,-0.0754,rebalance,21
601138,工业富联,20230308,20230407,0.9075,rebalance,21
688012,中微公司,20230308,20230407,0.4473,rebalance,21
603738,泰晶科技,20230308,20230407,0.0500,rebalance,21
300054,鼎龙股份,20230308,20230407,0.1237,rebalance,21
300604,长川科技,20230308,20230407,0.1245,rebalance,21
600183,生益科技,20230407,20230504,-0.2498,trail,16
300666,江丰电子,20230407,20230509,-0.1903,trail,19
300475,香农芯创,20230407,20230511,-0.0343,rebalance,21
600030,中信证券,20230407,20230511,0.0260,rebalance,21
600900,长江电力,20230407,20230511,0.0908,rebalance,21
601689,拓普集团,20230511,20230609,0.1800,rebalance,21
600183,生益科技,20230511,20230609,0.0189,rebalance,21
601398,工商银行,20230511,20230609,0.0115,rebalance,21
300476,胜宏科技,20230511,20230609,0.5897,rebalance,21
601869,长飞光纤,20230511,20230609,0.0497,rebalance,21
000977,浪潮信息,20230609,20230629,0.0484,trail,12
300394,天孚通信,20230609,20230712,0.1433,trail,21
002837,英维克,20230609,20230712,-0.0019,rebalance,21
603186,华正新材,20230609,20230712,-0.0100,rebalance,21
300757,罗博特科,20230609,20230712,-0.0574,rebalance,21
300475,香农芯创,20230712,20230727,-0.0042,trail,11
300054,鼎龙股份,20230712,20230810,0.0250,rebalance,21
600111,北方稀土,20230712,20230810,-0.0130,rebalance,21
601600,中国铝业,20230712,20230810,0.1002,rebalance,21
601088,中国神华,20230712,20230810,-0.0206,rebalance,21
000657,中钨高新,20230810,20230922,-0.0680,rebalance,21
600030,中信证券,20230810,20230922,-0.0976,rebalance,21
600276,恒瑞医药,20230810,20230922,0.0981,rebalance,21
002466,天齐锂业,20230810,20230922,-0.1535,rebalance,21
603259,药明康德,20230810,20230922,0.0017,rebalance,21
300620,光库科技,20230922,20231023,-0.2345,trail,15
002384,东山精密,20230922,20231031,0.0562,rebalance,21
002371,北方华创,20230922,20231031,0.0852,rebalance,21
300604,长川科技,20231031,20231129,-0.0256,rebalance,21
601689,拓普集团,20231031,20231129,0.1340,rebalance,21
603738,泰晶科技,20231031,20231129,0.0197,rebalance,21
688008,澜起科技,20231031,20231129,0.0477,rebalance,21
000977,浪潮信息,20231031,20240112,0.0200,rebalance,42
300475,香农芯创,20231129,20240112,-0.1315,rebalance,21
300757,罗博特科,20231129,20240112,-0.0643,rebalance,21
601600,中国铝业,20231129,20240112,-0.0204,rebalance,21
603186,华正新材,20231129,20240117,-0.2319,trail,24
603986,兆易创新,20240112,20240205,-0.2526,trail,16
000657,中钨高新,20240112,20240205,-0.2486,trail,16
002371,北方华创,20240112,20240220,0.0931,rebalance,21
600584,长电科技,20240112,20240220,-0.0692,rebalance,21
600460,士兰微,20240220,20240327,0.0051,rebalance,21
603986,兆易创新,20240220,20240327,0.0017,rebalance,21
600111,北方稀土,20240220,20240327,0.0144,rebalance,21
002851,麦格米特,20240220,20240327,0.0132,rebalance,21
000977,浪潮信息,20240220,20240327,0.2015,rebalance,21
688008,澜起科技,20240327,20240429,0.1278,rebalance,21
600900,长江电力,20240327,20240429,0.0223,rebalance,21
601869,长飞光纤,20240327,20240429,0.0688,rebalance,21
601689,拓普集团,20240327,20240429,0.0678,rebalance,21
002384,东山精密,20240327,20240531,0.1337,rebalance,42
600030,中信证券,20240429,20240531,-0.0496,rebalance,21
688037,芯源微,20240429,20240531,-0.0482,rebalance,21
300620,光库科技,20240429,20240531,-0.1660,rebalance,21
603738,泰晶科技,20240429,20240531,-0.0287,rebalance,21
600276,恒瑞医药,20240531,20240702,-0.1233,rebalance,21
688012,中微公司,20240531,20240702,0.0589,rebalance,21
601600,中国铝业,20240531,20240702,-0.0568,rebalance,21
300666,江丰电子,20240531,20240702,-0.0107,rebalance,21
300054,鼎龙股份,20240531,20240731,-0.0475,rebalance,42
002384,东山精密,20240702,20240731,0.2080,rebalance,21
000657,中钨高新,20240702,20240731,-0.0565,rebalance,21
300373,扬杰科技,20240702,20240731,0.1436,rebalance,21
688008,澜起科技,20240702,20240731,0.0662,rebalance,21
688037,芯源微,20240731,20240829,-0.2003,rebalance,21
600030,中信证券,20240731,20240829,-0.0366,rebalance,21
603259,药明康德,20240731,20240829,-0.1038,rebalance,21
300757,罗博特科,20240731,20240829,-0.1767,rebalance,21
300666,江丰电子,20240731,20240829,-0.0722,rebalance,21
603186,华正新材,20240829,20241008,0.2798,rebalance,21
603738,泰晶科技,20240829,20241008,0.2431,rebalance,21
002466,天齐锂业,20240829,20241008,0.5037,rebalance,21
000657,中钨高新,20240829,20241008,0.3236,rebalance,21
300620,光库科技,20240829,20241008,0.5122,rebalance,21
600030,中信证券,20241008,20241106,0.0332,rebalance,21
601138,工业富联,20241008,20241106,-0.1381,rebalance,21
600584,长电科技,20241008,20241106,0.1139,rebalance,21
300757,罗博特科,20241008,20241106,0.4555,rebalance,21
601288,农业银行,20241008,20241106,-0.0047,rebalance,21
300620,光库科技,20241106,20241205,-0.0701,rebalance,21
000938,紫光股份,20241106,20241205,-0.0946,rebalance,21
000657,中钨高新,20241106,20241205,0.0125,rebalance,21
002851,麦格米特,20241106,20241205,-0.0494,rebalance,21
300475,香农芯创,20241106,20241205,-0.0796,rebalance,21
601869,长飞光纤,20250106,20250212,0.4253,rebalance,21
688008,澜起科技,20250106,20250212,0.1266,rebalance,21
000977,浪潮信息,20250106,20250212,0.3641,rebalance,21
600183,生益科技,20250106,20250212,0.3464,rebalance,21
688012,中微公司,20250212,20250401,-0.0599,rebalance,21
002384,东山精密,20250212,20250401,-0.0530,rebalance,21
600111,北方稀土,20250212,20250401,-0.0157,rebalance,21
603186,华正新材,20250212,20250401,-0.0081,rebalance,21
300620,光库科技,20250212,20250401,-0.0763,rebalance,21
300394,天孚通信,20250401,20250407,-0.2568,trail,3
300373,扬杰科技,20250401,20250506,0.0497,rebalance,21
300666,江丰电子,20250401,20250506,0.0312,rebalance,21
603186,华正新材,20250506,20250605,-0.0407,rebalance,21
300661,圣邦股份,20250506,20250605,-0.0458,rebalance,21
000657,中钨高新,20250605,20250704,0.0197,rebalance,21
300373,扬杰科技,20250605,20250704,0.0039,rebalance,21
002837,英维克,20250605,20250704,0.0868,rebalance,21
002460,赣锋锂业,20250704,20250822,0.1132,rebalance,21
601138,工业富联,20250704,20250822,0.9782,rebalance,21
601869,长飞光纤,20250704,20250822,0.5391,rebalance,21
600183,生益科技,20250822,20250922,0.2474,rebalance,21
300757,罗博特科,20250822,20250922,0.2612,rebalance,21
000977,浪潮信息,20250822,20250922,-0.0317,rebalance,21
600030,中信证券,20250822,20250922,-0.1069,rebalance,21
601899,紫金矿业,20250822,20250922,0.2262,rebalance,21
002460,赣锋锂业,20250922,20251029,0.2993,rebalance,21
300661,圣邦股份,20250922,20251029,-0.0855,rebalance,21
002050,三花智控,20250922,20251029,0.2268,rebalance,21
300475,香农芯创,20250922,20251029,0.4820,rebalance,21
603186,华正新材,20250922,20251029,0.1229,rebalance,21
300373,扬杰科技,20251029,20251127,-0.1384,rebalance,21
002851,麦格米特,20251029,20251127,-0.1084,rebalance,21
300308,中际旭创,20251029,20251127,-0.0007,rebalance,21
000657,中钨高新,20251029,20251127,-0.1430,rebalance,21
601869,长飞光纤,20251029,20260112,0.2056,rebalance,42
601138,工业富联,20251127,20260112,0.0040,rebalance,21
603986,兆易创新,20251127,20260112,0.2956,rebalance,21
300502,新易盛,20251127,20260112,0.1408,rebalance,21
300620,光库科技,20251127,20260112,-0.0083,rebalance,21
300661,圣邦股份,20260112,20260225,-0.0443,rebalance,21
300373,扬杰科技,20260112,20260225,0.2731,rebalance,21
300054,鼎龙股份,20260112,20260225,0.0443,rebalance,21
603738,泰晶科技,20260112,20260225,0.1179,rebalance,21
300666,江丰电子,20260112,20260323,0.0836,trail,39
002837,英维克,20260225,20260326,-0.1358,rebalance,21
300502,新易盛,20260225,20260326,0.1885,rebalance,21
600460,士兰微,20260225,20260326,-0.2049,rebalance,21
600900,长江电力,20260225,20260326,0.0459,rebalance,21
601689,拓普集团,20260326,20260427,0.0042,rebalance,21
688037,芯源微,20260326,20260427,0.2837,rebalance,21
300661,圣邦股份,20260326,20260529,0.6263,rebalance,42
000657,中钨高新,20260427,20260529,0.2555,rebalance,21
603738,泰晶科技,20260427,20260529,0.1077,rebalance,21
000938,紫光股份,20260427,20260529,-0.1167,rebalance,21
601600,中国铝业,20260529,20260623,-0.2096,trail,16
603186,华正新材,20260529,20260630,0.6936,rebalance,21
601138,工业富联,20260529,20260630,-0.0239,rebalance,21
600460,士兰微,20260529,20260630,0.5701,rebalance,21
300308,中际旭创,20260529,20260630,0.0861,rebalance,21
603738,泰晶科技,20260630,20260707,-0.1793,trail,5
002837,英维克,20260630,20260717,-0.2315,trail,13
300604,长川科技,20260630,20260717,-0.1892,trail,13
601899,紫金矿业,20260630,20260723,0.3177,final,17
600030,中信证券,20260630,20260723,-0.0163,final,17
