排名,代码,名称,板块,最新报告期,毛利率(%),每股净资产(元),营收同比增速(%),毛利率Z-Score,净资Z-Score,增速Z-Score,综合得分
1,300475,香农芯创,存储芯片与模组,2026-03-31,9.12,10.45,200.6,-1.4035,-0.5587,2.5799,1.1112
2,688503,聚和材料,半导体高分子材料,2026-03-31,10.58,21.92,87.54,-1.3262,0.5756,0.6788,0.9884
3,688126,沪硅产业 - U,半导体基础材料,2026-03-31,-11.85,5.09,35.22,-2.5112,-1.0891,-0.2009,0.9719
4,603296,华勤技术,智能硬件 ODM 代工,2026-03-31,8.54,26.36,16.42,-1.4342,1.0152,-0.5169,0.9183
5,002371,北方华创,刻蚀与制程设备,2026-03-31,40.77,54.21,25.8,0.2687,3.7716,-0.3593,0.8134
6,688347,华虹宏力,晶圆代工制造,2026-03-31,17.63,26.04,18.22,-0.9542,0.9838,-0.4867,0.6655
7,002460,赣锋锂业,锂矿与锂电材料,2026-03-31,29.72,22.16,143.81,-0.3153,0.5996,1.6251,0.6625
8,300308,中际旭创,高速光模块,2026-03-31,46.06,32.03,192.12,0.5479,1.5764,2.4373,0.6456
9,601138,工业富联,AI 服务器与算力硬件,2026-03-31,7.35,8.88,56.52,-1.497,-0.7143,0.1572,0.6187
10,688261,东微半导,功率半导体器件,2026-03-31,16.67,24.05,-1.1,-1.0045,0.7869,-0.8116,0.5712
11,000977,浪潮信息,AI 服务器与算力硬件,2026-03-31,6.64,15.19,-24.3,-1.5346,-0.0901,-1.2017,0.5285
12,603186,华正新材,覆铜板与 PCB 基材,2026-03-31,12.02,14.94,19.84,-1.2503,-0.1151,-0.4595,0.5262
13,688012,中微公司,刻蚀与制程设备,2026-03-31,39.89,38.82,34.13,0.2222,2.2488,-0.2192,0.4516
14,600584,长电科技,半导体封装测试,2026-03-31,14.55,16.08,-1.76,-1.1168,-0.0023,-0.8227,0.4125
15,002384,东山精密,PCB 印制电路板,2026-03-31,19.33,12.36,52.72,-0.8643,-0.37,0.0934,0.3693
16,688981,中芯国际,晶圆代工制造,2026-03-31,21.48,18.72,8.07,-0.7508,0.2597,-0.6573,0.327
17,600111,北方稀土,稀土与钨金属,2026-03-31,13.22,7.08,27.69,-1.1867,-0.8928,-0.3274,0.3084
18,000938,紫光股份,网络交换设备,2026-03-31,12.88,5.43,34.61,-1.2048,-1.0558,-0.2112,0.2973
19,601689,拓普集团,汽车零部件,2026-03-31,19.26,14.15,14.92,-0.868,-0.1929,-0.5422,0.2886
20,002851,麦格米特,工业电源与控制,2026-03-31,21.57,15.42,20.35,-0.7461,-0.0668,-0.4509,0.2781
21,688256,寒武纪,AI/GPU 算力芯片,2026-03-31,54.33,30.52,159.56,0.9849,1.4275,1.8898,0.2643
22,603986,兆易创新,存储芯片与模组,2026-03-31,57.08,36.05,119.38,1.13,1.9742,1.2142,0.1984
23,688409,富创精密,设备零部件与耗材,2026-03-31,27.05,14.76,36.84,-0.4561,-0.1328,-0.1737,0.166
24,601995,中金公司,头部券商,2026-03-31,,21.27,54.26,,0.5116,0.1193,0.1639
25,688498,源杰科技,模拟与光芯片设计,2026-03-31,77.81,29.38,320.94,2.2253,1.3138,4.6034,0.1451
26,688072,拓荆科技,薄膜沉积设备,2026-03-31,41.69,25.67,56.97,0.3171,0.947,0.1648,0.1265
27,300666,江丰电子,半导体基础材料,2026-03-31,32.86,19.54,30.49,-0.1496,0.3401,-0.2804,0.1129
28,688627,精智达,半导体测试设备,2026-03-31,43.23,18.53,118.84,0.3985,0.2406,1.2052,0.1058
29,301308,江波龙,存储芯片与模组,2026-03-31,55.53,29.07,132.79,1.0482,1.2836,1.4398,0.0994
30,600460,士兰微,功率半导体器件,2026-03-31,19.79,7.33,17.31,-0.8399,-0.8678,-0.502,0.0984
31,601088,中国神华,煤炭开采运营,2026-03-31,32.89,22.65,1.17,-0.1478,0.6483,-0.7735,0.0945
32,301018,申菱环境,数据中心温控设备,2026-03-31,20.6,10.37,-1.8,-0.7973,-0.5666,-0.8234,0.092
33,600030,中信证券,头部券商,2026-03-31,,19.67,40.91,,0.3534,-0.1051,0.0746
34,300476,胜宏科技,PCB 印制电路板,2026-03-31,34.46,19.95,27.99,-0.0649,0.3808,-0.3224,0.0712
35,301629,矽电股份,设备零部件与耗材,2026-03-31,31.08,28.34,-66.03,-0.2436,1.2115,-1.9033,0.0652
36,000657,中钨高新,稀土与钨金属,2026-03-31,30.45,4.69,106.47,-0.2767,-1.1291,0.9972,0.0421
37,603738,泰晶科技,石英晶振元件,2026-03-31,20.25,4.71,24.31,-0.8156,-1.1268,-0.3843,0.0393
38,300373,扬杰科技,功率半导体器件,2026-03-31,36.81,18.24,34.87,0.0595,0.2117,-0.2068,-0.0159
39,688502,茂莱光学,精密光学元件,2026-03-31,40.36,22.59,28.63,0.2467,0.6426,-0.3117,-0.0178
40,600183,生益科技,覆铜板与 PCB 基材,2026-03-31,28.1,7.38,45.09,-0.4008,-0.8627,-0.0349,-0.0332
41,300502,新易盛,高速光模块,2026-03-31,49.16,20.5,105.76,0.7118,0.4357,0.9852,-0.0497
42,688141,杰华特,模拟与光芯片设计,2026-03-31,25.32,2.77,44.8,-0.5476,-1.3188,-0.0398,-0.0819
43,002837,英维克,数据中心温控设备,2026-03-31,24.29,3.54,26.03,-0.6019,-1.2426,-0.3554,-0.0977
44,300757,罗博特科,自动化与真空设备,2026-03-31,36.31,9.7,69.33,0.033,-0.6333,0.3726,-0.113
45,688802,沐曦股份 - U,AI/GPU 算力芯片,2026-03-31,60.05,32.74,75.37,1.2872,1.6466,0.4742,-0.1252
46,688820,盛合晶微,半导体封装测试,2026-03-31,29.59,9.13,13.13,-0.3219,-0.6896,-0.5722,-0.1378
47,603259,药明康德,医药研发外包,2026-03-31,50.4,28.23,28.81,0.7774,1.2002,-0.3087,-0.1421
48,002050,三花智控,热管理部件,2026-03-31,27.8,7.75,1.36,-0.4169,-0.8258,-0.7703,-0.1661
49,300620,光库科技,光无源器件与光引擎,2026-03-31,36.63,8.85,60.8,0.05,-0.7175,0.2292,-0.1744
50,601600,中国铝业,工业金属铜铝,2026-03-31,25.83,4.7,4.85,-0.5209,-1.1279,-0.7116,-0.1821
51,601869,长飞光纤,光纤光缆,2026-03-31,41.51,17.19,27.7,0.3079,0.108,-0.3273,-0.1986
52,688195,腾景科技,精密光学元件,2026-03-31,37.22,7.87,51.17,0.081,-0.8143,0.0673,-0.2502
53,002466,天齐锂业,锂矿与锂电材料,2026-03-31,62.66,27.17,98.44,1.4248,1.0952,0.8621,-0.2673
54,601398,工商银行,国有大型银行,2026-03-31,,11.06,8.27,,-0.4984,-0.654,-0.2705
55,688795,摩尔线程 - U,AI/GPU 算力芯片,2026-03-31,67.35,24.51,155.35,1.6728,0.8322,1.819,-0.2713
56,601899,紫金矿业,工业金属铜金,2026-03-31,36.33,7.42,24.79,0.0337,-0.8589,-0.3762,-0.3291
57,601288,农业银行,国有大型银行,2026-03-31,,8.08,10.49,,-0.7939,-0.6167,-0.3433
58,301165,锐捷网络,网络交换设备,2026-03-31,35.7,6.45,18.26,0.0005,-0.9545,-0.486,-0.3604
59,688726,拉普拉斯,光伏制程设备,2026-03-31,34.18,10.39,-33.31,-0.0798,-0.5653,-1.3532,-0.3911
60,688037,芯源微,涂胶显影设备,2026-03-31,46.69,13.89,20.08,0.5812,-0.2184,-0.4555,-0.4565
61,300661,圣邦股份,模拟与光芯片设计,2026-03-31,51.63,8.81,39.08,0.8422,-0.721,-0.136,-0.6637
62,300604,长川科技,半导体测试设备,2026-03-31,56.81,8.03,69.09,1.1158,-0.7986,0.3686,-0.7237
63,688702,盛科通信 - U,网络与接口芯片,2026-03-31,49.45,5.44,11.4,0.7269,-1.0544,-0.6014,-0.7903
64,300394,天孚通信,光无源器件与光引擎,2026-03-31,56.6,7.69,40.82,1.105,-0.8319,-0.1066,-0.825
65,688727,恒坤新材,半导体工艺材料,2026-03-31,51.12,5.63,0.1,0.8155,-1.0361,-0.7913,-0.8706
66,600900,长江电力,水电运营,2026-03-31,55.65,9.31,6.44,1.0545,-0.6714,-0.6848,-0.874
67,300054,鼎龙股份,半导体工艺材料,2026-03-31,54.95,5.76,23.82,1.0175,-1.023,-0.3926,-0.8903
68,301392,汇成真空,自动化与真空设备,2026-03-31,55.95,7.57,16.56,1.0707,-0.8437,-0.5147,-0.8944
69,688008,澜起科技,网络与接口芯片,2026-03-31,69.79,17.06,19.51,1.8016,0.0947,-0.465,-1.0097
70,600276,恒瑞医药,创新药研发,2026-03-31,86.6,9.59,12.98,2.6897,-0.6444,-0.5749,-1.697
