date,equity,positions
2020-01-02,10000000.00,0
2020-01-03,10000000.00,0
2020-01-06,10000000.00,0
2020-01-07,10000000.00,0
2020-01-08,10000000.00,0
2020-01-09,10000000.00,0
2020-01-10,10000000.00,0
2020-01-13,10000000.00,0
2020-01-14,10000000.00,0
2020-01-15,10000000.00,0
2020-01-16,10000000.00,0
2020-01-17,10000000.00,0
2020-01-20,10000000.00,0
2020-01-21,10000000.00,0
2020-01-22,10000000.00,0
2020-01-23,10000000.00,0
2020-02-03,10000000.00,0
2020-02-04,10000000.00,0
2020-02-05,10000000.00,0
2020-02-06,10000000.00,0
2020-02-07,10000000.00,0
2020-02-10,10000000.00,0
2020-02-11,10000000.00,0
2020-02-12,10000000.00,0
2020-02-13,10000000.00,0
2020-02-14,10000000.00,0
2020-02-17,10000000.00,0
2020-02-18,10000000.00,0
2020-02-19,10000000.00,0
2020-02-20,10000000.00,0
2020-02-21,10000000.00,0
2020-02-24,10000000.00,0
2020-02-25,10000000.00,0
2020-02-26,10000000.00,0
2020-02-27,10000000.00,0
2020-02-28,10000000.00,0
2020-03-02,10000000.00,0
2020-03-03,10000000.00,0
2020-03-04,10000000.00,0
2020-03-05,10000000.00,0
2020-03-06,10000000.00,0
2020-03-09,10000000.00,0
2020-03-10,10000000.00,0
2020-03-11,10000000.00,0
2020-03-12,10000000.00,0
2020-03-13,10000000.00,0
2020-03-16,10000000.00,0
2020-03-17,10000000.00,0
2020-03-18,10000000.00,0
2020-03-19,10000000.00,0
2020-03-20,10000000.00,0
2020-03-23,10000000.00,0
2020-03-24,10000000.00,0
2020-03-25,10000000.00,0
2020-03-26,10000000.00,0
2020-03-27,10000000.00,0
2020-03-30,10000000.00,0
2020-03-31,10000000.00,0
2020-04-01,10000000.00,0
2020-04-02,10000000.00,0
2020-04-03,10000000.00,0
2020-04-07,10000000.00,0
2020-04-08,10000000.00,0
2020-04-09,9932718.66,5
2020-04-10,9449549.64,5
2020-04-13,9277944.06,4
2020-04-14,9523085.16,4
2020-04-15,9550615.63,4
2020-04-16,9654512.48,4
2020-04-17,9878641.50,4
2020-04-20,9966616.90,4
2020-04-21,9756959.49,4
2020-04-22,9855925.54,4
2020-04-23,9671894.88,4
2020-04-24,9564840.10,4
2020-04-27,9475619.01,3
2020-04-28,9801639.13,3
2020-04-29,9805721.03,3
2020-04-30,10268588.14,3
2020-05-06,10689540.34,3
2020-05-07,10809134.48,3
2020-05-08,10725872.42,3
2020-05-11,10655189.80,3
2020-05-12,10950817.97,3
2020-05-13,10871000.22,4
2020-05-14,10800494.79,4
2020-05-15,10760299.68,4
2020-05-18,10388141.32,3
2020-05-19,10434325.05,3
2020-05-20,10370555.31,2
2020-05-21,10355735.83,2
2020-05-22,10271501.54,2
2020-05-25,10192361.44,2
2020-05-26,10201160.50,2
2020-05-27,10238003.36,2
2020-05-28,10283336.53,2
2020-05-29,10244486.88,2
2020-06-01,10319510.46,2
2020-06-02,10370195.11,2
2020-06-03,10362270.81,2
2020-06-04,10320642.50,2
2020-06-05,10369886.37,2
2020-06-08,10384551.47,2
2020-06-09,10399370.95,2
2020-06-10,10385529.15,2
2020-06-11,10317800.55,5
2020-06-12,10228874.93,5
2020-06-15,9873086.15,5
2020-06-16,10071181.30,5
2020-06-17,10202030.79,5
2020-06-18,10596867.10,5
2020-06-19,10713448.29,5
2020-06-22,10984018.30,5
2020-06-23,11122580.16,5
2020-06-24,11301458.39,5
2020-06-29,11094091.74,5
2020-06-30,11247202.70,5
2020-07-01,11210292.98,5
2020-07-02,11417407.83,5
2020-07-03,11433558.72,5
2020-07-06,12089283.43,5
2020-07-07,12275114.08,5
2020-07-08,12466656.46,5
2020-07-09,12796553.30,5
2020-07-10,12708613.48,5
2020-07-13,12966435.24,5
2020-07-14,12471494.45,4
2020-07-15,12278487.94,4
2020-07-16,11533390.29,2
2020-07-17,11627733.61,2
2020-07-20,11637577.79,2
2020-07-21,11883466.30,2
2020-07-22,11867384.71,2
2020-07-23,12006282.13,2
2020-07-24,11548761.31,1
2020-07-27,11541623.99,1
2020-07-28,11596550.32,1
2020-07-29,11614548.77,1
2020-07-30,11625409.91,1
2020-07-31,11702368.83,1
2020-08-03,11700817.24,1
2020-08-04,11734952.24,1
2020-08-05,11806015.11,1
2020-08-06,11738676.06,1
2020-08-07,11674129.87,1
2020-08-10,11707644.24,1
2020-08-11,11708885.51,1
2020-08-12,11540613.41,4
2020-08-13,11623114.88,4
2020-08-14,11778004.20,4
2020-08-17,11665595.57,4
2020-08-18,11555127.12,4
2020-08-19,11392594.22,3
2020-08-20,11188097.34,3
2020-08-21,11392227.13,3
2020-08-24,11490557.60,3
2020-08-25,11461870.87,3
2020-08-26,11308271.98,3
2020-08-27,11406875.66,3
2020-08-28,11442544.08,3
2020-08-31,11522607.00,3
2020-09-01,11711808.67,3
2020-09-02,11654592.12,3
2020-09-03,11435545.80,3
2020-09-04,11448205.75,2
2020-09-07,11335028.02,2
2020-09-08,11302611.74,2
2020-09-09,11182348.04,1
2020-09-10,11023553.62,5
2020-09-11,11113062.34,5
2020-09-14,11364695.58,5
2020-09-15,11382155.05,5
2020-09-16,11299190.74,5
2020-09-17,11379792.73,5
2020-09-18,11525908.57,5
2020-09-21,11461030.32,5
2020-09-22,11237185.05,5
2020-09-23,11205537.21,5
2020-09-24,10844316.83,5
2020-09-25,10675760.52,4
2020-09-28,10747212.84,4
2020-09-29,10831367.82,4
2020-09-30,10834284.83,4
2020-10-09,11132721.77,4
2020-10-12,11357062.96,4
2020-10-13,11352972.37,4
2020-10-14,11183066.81,4
2020-10-15,11146384.03,4
2020-10-16,11189935.54,4
2020-10-19,11119708.39,5
2020-10-20,11278866.60,5
2020-10-21,11106916.44,5
2020-10-22,11022088.44,5
2020-10-23,10711155.95,4
2020-10-26,10629510.29,4
2020-10-27,10625449.71,3
2020-10-28,10579496.85,3
2020-10-29,10642193.61,3
2020-10-30,10634317.35,3
2020-11-02,10562866.91,3
2020-11-03,10617177.38,3
2020-11-04,10608153.84,3
2020-11-05,10734515.49,3
2020-11-06,10665891.68,2
2020-11-09,10765113.12,2
2020-11-10,10747757.82,2
2020-11-11,10589314.27,2
2020-11-12,10625450.03,2
2020-11-13,10627424.11,2
2020-11-16,10712878.22,2
2020-11-17,10560430.25,5
2020-11-18,10379310.43,5
2020-11-19,10527473.89,5
2020-11-20,10576972.41,5
2020-11-23,10799450.66,5
2020-11-24,10757760.22,5
2020-11-25,10490483.13,4
2020-11-26,10539523.67,4
2020-11-27,10791520.71,4
2020-11-30,10714460.04,4
2020-12-01,10936909.38,4
2020-12-02,10805332.35,4
2020-12-03,10778440.99,3
2020-12-04,10719816.40,3
2020-12-07,10570500.69,3
2020-12-08,10506423.93,3
2020-12-09,10458942.90,2
2020-12-10,10477900.22,2
2020-12-11,10479121.75,2
2020-12-14,10494468.15,2
2020-12-15,10633241.26,2
2020-12-16,10550359.52,5
2020-12-17,10749591.21,5
2020-12-18,10788554.17,5
2020-12-21,11174761.07,5
2020-12-22,10709317.43,4
2020-12-23,10962740.68,4
2020-12-24,10864367.68,4
2020-12-25,11071730.95,4
2020-12-28,10739038.95,3
2020-12-29,10641106.89,2
2020-12-30,10653532.36,2
2020-12-31,10780315.02,2
2021-01-04,10833818.26,2
2021-01-05,11085681.62,2
2021-01-06,10922824.36,2
2021-01-07,10827680.46,2
2021-01-08,11169262.12,2
2021-01-11,11328945.30,2
2021-01-12,11394313.36,2
2021-01-13,11682637.69,2
2021-01-14,11594469.25,2
2021-01-15,11135210.21,5
2021-01-18,11264913.07,5
2021-01-19,10847177.12,5
2021-01-20,10916604.82,5
2021-01-21,11093693.39,5
2021-01-22,11408075.17,5
2021-01-25,11699856.27,5
2021-01-26,11549315.89,4
2021-01-27,11522472.99,4
2021-01-28,11100578.65,4
2021-01-29,10513374.50,1
2021-02-01,10488503.73,1
2021-02-02,10559422.36,1
2021-02-03,10538737.76,1
2021-02-04,10493674.88,1
2021-02-05,10586016.85,1
2021-02-08,10565086.01,1
2021-02-09,10636004.64,1
2021-02-10,10624923.60,1
2021-02-18,10536767.80,1
2021-02-19,10542185.20,1
2021-02-22,10366327.51,5
2021-02-23,10147331.65,5
2021-02-24,9716706.32,3
2021-02-25,9650010.54,3
2021-02-26,9498963.26,2
2021-03-01,9520637.46,2
2021-03-02,9488712.44,2
2021-03-03,9584948.32,2
2021-03-04,9427091.29,2
2021-03-05,9392478.67,2
2021-03-08,9167661.75,1
2021-03-09,9160604.68,1
2021-03-10,9194629.83,1
2021-03-11,9196142.06,1
2021-03-12,9169173.98,1
2021-03-15,9114481.71,0
2021-03-16,9114481.71,0
2021-03-17,9114481.71,0
2021-03-18,9114481.71,0
2021-03-19,9114481.71,0
2021-03-22,9114481.71,0
2021-03-23,9053158.26,5
2021-03-24,8763903.31,5
2021-03-25,8829224.49,5
2021-03-26,9224154.14,5
2021-03-29,9135988.64,5
2021-03-30,9305922.32,5
2021-03-31,9045080.39,5
2021-04-01,9189426.23,5
2021-04-02,9348664.00,5
2021-04-06,9371289.63,5
2021-04-07,9378509.88,5
2021-04-08,9268188.12,5
2021-04-09,9272579.04,5
2021-04-12,8790483.49,3
2021-04-13,8753709.57,3
2021-04-14,8711400.79,3
2021-04-15,8652226.01,2
2021-04-16,8881418.62,2
2021-04-19,8942330.25,2
2021-04-20,8762655.81,2
2021-04-21,8696115.19,2
2021-04-22,8703333.36,5
2021-04-23,8717060.85,5
2021-04-26,8659718.44,5
2021-04-27,8616269.38,5
2021-04-28,8627208.59,5
2021-04-29,8850754.77,5
2021-04-30,8865771.28,5
2021-05-06,8984124.40,5
2021-05-07,8972690.09,5
2021-05-10,9136571.37,5
2021-05-11,8873299.07,5
2021-05-12,9014412.53,5
2021-05-13,8799285.95,4
2021-05-14,9025995.62,4
2021-05-17,9004999.46,4
2021-05-18,8959920.54,4
2021-05-19,9069897.70,4
2021-05-20,9035864.43,4
2021-05-21,9017727.09,4
2021-05-24,9107611.63,4
2021-05-25,9198289.01,4
2021-05-26,9210157.68,5
2021-05-27,9338151.20,5
2021-05-28,9360050.46,5
2021-05-31,9593996.36,5
2021-06-01,9575204.14,5
2021-06-02,9380741.24,5
2021-06-03,9413768.11,5
2021-06-04,9489013.83,5
2021-06-07,9545417.51,5
2021-06-08,9403791.91,5
2021-06-09,9270110.83,5
2021-06-10,9494240.89,5
2021-06-11,9230627.11,5
2021-06-15,8887976.52,4
2021-06-16,8895458.45,3
2021-06-17,9094623.61,3
2021-06-18,9285711.79,3
2021-06-21,9297541.68,3
2021-06-22,9285959.79,3
2021-06-23,9498598.13,3
2021-06-24,9428525.46,3
2021-06-25,9375737.05,5
2021-06-28,9650684.09,5
2021-06-29,9615077.64,5
2021-06-30,9872812.68,5
2021-07-01,9797408.92,5
2021-07-02,9962212.60,5
2021-07-05,10674607.99,5
2021-07-06,10709466.04,5
2021-07-07,11081123.38,5
2021-07-08,11274479.07,5
2021-07-09,11450583.88,5
2021-07-12,12074402.12,5
2021-07-13,12064833.91,5
2021-07-14,11884600.75,5
2021-07-15,11948885.21,5
2021-07-16,11880095.98,4
2021-07-19,11613792.99,4
2021-07-20,11968530.33,4
2021-07-21,12345872.61,4
2021-07-22,12374131.89,4
2021-07-23,12081849.34,4
2021-07-26,12122677.54,5
2021-07-27,11934352.76,5
2021-07-28,11684568.26,5
2021-07-29,12795050.47,5
2021-07-30,13653478.25,5
2021-08-02,13350498.58,5
2021-08-03,12596758.40,3
2021-08-04,13279240.17,3
2021-08-05,13296379.19,3
2021-08-06,13094210.61,3
2021-08-09,12828303.28,3
2021-08-10,12670414.87,2
2021-08-11,12899479.80,2
2021-08-12,12778412.73,2
2021-08-13,13031502.12,2
2021-08-16,12944134.74,1
2021-08-17,12866368.99,1
2021-08-18,12796128.95,1
2021-08-19,12812434.68,1
2021-08-20,12831248.97,1
2021-08-23,12902743.29,1
2021-08-24,12812086.09,4
2021-08-25,12793037.53,4
2021-08-26,12912750.75,4
2021-08-27,13050941.49,4
2021-08-30,13780468.09,4
2021-08-31,14424990.68,3
2021-09-01,13686967.82,2
2021-09-02,14025993.03,2
2021-09-03,13751069.97,1
2021-09-06,14082325.70,1
2021-09-07,14293501.22,1
2021-09-08,14512958.14,1
2021-09-09,15415630.00,1
2021-09-10,14757259.24,0
2021-09-13,14757259.24,0
2021-09-14,14757259.24,0
2021-09-15,14757259.24,0
2021-09-16,14757259.24,0
2021-09-17,14757259.24,0
2021-09-22,14757259.24,0
2021-09-23,14757259.24,0
2021-09-24,14657970.43,5
2021-09-27,14006358.08,4
2021-09-28,14025483.42,4
2021-09-29,13920452.04,4
2021-09-30,14272366.89,4
2021-10-08,14135169.50,4
2021-10-11,13871147.51,4
2021-10-12,13427598.48,2
2021-10-13,13645209.82,2
2021-10-14,13508762.70,2
2021-10-15,13483425.31,2
2021-10-18,13448954.05,2
2021-10-19,13611441.45,2
2021-10-20,13481246.34,2
2021-10-21,13540993.95,2
2021-10-22,13520158.15,2
2021-10-25,13477581.79,2
2021-10-26,13517600.88,2
2021-10-27,13380358.99,1
2021-10-28,13425773.64,1
2021-10-29,13355302.63,1
2021-11-01,13455215.67,5
2021-11-02,13641091.10,5
2021-11-03,13545269.06,5
2021-11-04,13483302.99,5
2021-11-05,13527920.61,4
2021-11-08,13937875.87,4
2021-11-09,14151928.23,4
2021-11-10,13723472.89,4
2021-11-11,13932623.55,4
2021-11-12,13858173.70,4
2021-11-15,13473471.39,2
2021-11-16,13379787.68,2
2021-11-17,13355937.01,2
2021-11-18,13282666.04,1
2021-11-19,13312401.32,1
2021-11-22,13297533.68,1
2021-11-23,13297533.68,1
2021-11-24,13297533.68,1
2021-11-25,13267798.39,1
2021-11-26,13267798.39,1
2021-11-29,13267798.39,1
2021-11-30,13163763.26,5
2021-12-01,13400054.95,5
2021-12-02,13532387.44,5
2021-12-03,13661299.33,5
2021-12-06,13733530.65,5
2021-12-07,13942736.86,5
2021-12-08,14289521.86,5
2021-12-09,14257214.23,5
2021-12-10,14160242.09,5
2021-12-13,14319942.78,5
2021-12-14,13886375.13,5
2021-12-15,13646238.92,4
2021-12-16,13749350.60,4
2021-12-17,13652092.84,4
2021-12-20,13500282.39,4
2021-12-21,13592157.41,4
2021-12-22,13675530.07,4
2021-12-23,14106652.02,4
2021-12-24,13818999.19,4
2021-12-27,13549784.85,3
2021-12-28,13669833.68,3
2021-12-29,13424551.25,4
2021-12-30,13539981.93,4
2021-12-31,13602152.20,4
2022-01-04,13019216.32,4
2022-01-05,12613483.27,2
2022-01-06,12692733.34,2
2022-01-07,12560080.13,2
2022-01-10,12591640.85,2
2022-01-11,12554366.35,2
2022-01-12,12673585.63,2
2022-01-13,12488217.62,1
2022-01-14,12525073.67,1
2022-01-17,12568840.23,1
2022-01-18,12667890.87,1
2022-01-19,12529680.67,1
2022-01-20,12384559.97,0
2022-01-21,12384559.97,0
2022-01-24,12384559.97,0
2022-01-25,12384559.97,0
2022-01-26,12384559.97,0
2022-01-27,12384559.97,0
2022-01-28,12317899.99,4
2022-02-07,12509509.90,4
2022-02-08,12982637.28,4
2022-02-09,12888341.78,4
2022-02-10,13200849.05,4
2022-02-11,13394942.58,4
2022-02-14,13320516.71,4
2022-02-15,13127875.73,4
2022-02-16,13138413.78,4
2022-02-17,13441794.49,4
2022-02-18,13565011.01,4
2022-02-21,13731702.95,4
2022-02-22,13820468.87,4
2022-02-23,13565823.63,4
2022-02-24,13354383.49,4
2022-02-25,13191090.25,3
2022-02-28,13303162.01,3
2022-03-01,13203284.32,3
2022-03-02,13249445.96,3
2022-03-03,13276868.13,3
2022-03-04,13233682.81,3
2022-03-07,13008040.59,5
2022-03-08,12724630.19,5
2022-03-09,12628236.93,5
2022-03-10,12917593.42,5
2022-03-11,12905102.07,5
2022-03-14,12400582.21,5
2022-03-15,11959082.09,2
2022-03-16,12353611.21,2
2022-03-17,12399240.26,2
2022-03-18,12311137.43,2
2022-03-21,12371027.13,2
2022-03-22,12372781.72,2
2022-03-23,12313490.41,2
2022-03-24,12288704.79,2
2022-03-25,12086972.35,2
2022-03-28,12015630.57,2
2022-03-29,11965272.98,1
2022-03-30,12139393.27,1
2022-03-31,12045274.19,1
2022-04-01,12138608.94,1
2022-04-06,11991155.73,1
2022-04-07,11765574.59,5
2022-04-08,11607331.25,5
2022-04-11,11060847.23,3
2022-04-12,11116540.45,3
2022-04-13,11214204.57,3
2022-04-14,11261498.84,3
2022-04-15,11093336.70,3
2022-04-18,10947092.70,2
2022-04-19,10903225.90,2
2022-04-20,10958739.19,2
2022-04-21,10802199.28,2
2022-04-22,10802251.72,2
2022-04-25,10374042.55,0
2022-04-26,10374042.55,0
2022-04-27,10374042.55,0
2022-04-28,10374042.55,0
2022-04-29,10374042.55,0
2022-05-05,10374042.55,0
2022-05-06,10374042.55,0
2022-05-09,10374042.55,0
2022-05-10,10374042.55,0
2022-05-11,10304244.61,5
2022-05-12,10208469.15,5
2022-05-13,10503626.81,5
2022-05-16,10539473.63,5
2022-05-17,10626606.66,5
2022-05-18,10560915.20,5
2022-05-19,10713964.70,5
2022-05-20,11046515.91,5
2022-05-23,11206510.97,5
2022-05-24,10842836.88,5
2022-05-25,10957925.54,5
2022-05-26,11044861.92,5
2022-05-27,11148418.20,5
2022-05-30,11178902.29,5
2022-05-31,11190575.50,5
2022-06-01,11091326.07,4
2022-06-02,11184054.71,4
2022-06-06,11574825.53,4
2022-06-07,11524418.66,4
2022-06-08,11712394.71,4
2022-06-09,11469642.67,4
2022-06-10,11468149.44,5
2022-06-13,11302077.67,5
2022-06-14,11044601.30,5
2022-06-15,11469631.34,5
2022-06-16,11409536.22,5
2022-06-17,11439287.63,5
2022-06-20,11409129.39,5
2022-06-21,11338527.66,5
2022-06-22,11132490.97,4
2022-06-23,11440642.01,4
2022-06-24,11365372.11,4
2022-06-27,11262829.21,4
2022-06-28,11544406.11,4
2022-06-29,11558109.68,3
2022-06-30,11533337.72,3
2022-07-01,11581924.13,3
2022-07-04,11484052.48,3
2022-07-05,11440449.65,3
2022-07-06,11489484.02,3
2022-07-07,11499553.59,3
2022-07-08,11492957.46,3
2022-07-11,11248005.38,5
2022-07-12,11130655.45,5
2022-07-13,11059512.63,5
2022-07-14,11076894.39,5
2022-07-15,11049444.00,5
2022-07-18,11106816.40,4
2022-07-19,11216013.02,4
2022-07-20,11125050.03,4
2022-07-21,11090839.40,3
2022-07-22,10970269.17,3
2022-07-25,11000003.70,3
2022-07-26,10931828.72,3
2022-07-27,10967307.90,3
2022-07-28,11066104.99,3
2022-07-29,10910894.76,3
2022-08-01,10966272.54,3
2022-08-02,10816801.17,3
2022-08-03,11042904.09,3
2022-08-04,11216295.02,3
2022-08-05,11730899.86,3
2022-08-08,11502324.29,3
2022-08-09,11658706.71,5
2022-08-10,11427174.58,5
2022-08-11,11580280.95,5
2022-08-12,11479491.12,5
2022-08-15,11641305.32,5
2022-08-16,11472710.89,5
2022-08-17,11468207.57,5
2022-08-18,11488244.47,5
2022-08-19,11255003.81,5
2022-08-22,11564406.78,5
2022-08-23,11645634.12,5
2022-08-24,11256268.59,4
2022-08-25,11064178.72,4
2022-08-26,11309879.80,4
2022-08-29,11252994.75,4
2022-08-30,11266360.41,4
2022-08-31,11055725.26,4
2022-09-01,10792927.99,1
2022-09-02,10784530.37,1
2022-09-05,10788729.18,1
2022-09-06,10818120.88,1
2022-09-07,10730043.05,5
2022-09-08,10603266.74,5
2022-09-09,10550151.48,5
2022-09-13,10511348.94,5
2022-09-14,10418748.31,5
2022-09-15,9918305.45,3
2022-09-16,9889186.52,3
2022-09-19,9780520.69,2
2022-09-20,9748266.36,2
2022-09-21,9654096.22,2
2022-09-22,9640114.73,2
2022-09-23,9521226.09,1
2022-09-26,9472474.89,0
2022-09-27,9472474.89,0
2022-09-28,9472474.89,0
2022-09-29,9472474.89,0
2022-09-30,9472474.89,0
2022-10-10,9472474.89,0
2022-10-11,9472474.89,0
2022-10-12,9472474.89,0
2022-10-13,9472474.89,0
2022-10-14,9408742.82,5
2022-10-17,9501799.64,5
2022-10-18,9620596.69,5
2022-10-19,9529652.99,5
2022-10-20,9549728.06,5
2022-10-21,9520731.36,5
2022-10-24,9374060.68,5
2022-10-25,9363193.35,5
2022-10-26,9579581.59,5
2022-10-27,9816046.34,4
2022-10-28,9635527.11,4
2022-10-31,9962065.18,4
2022-11-01,10113563.31,4
2022-11-02,10072662.79,4
2022-11-03,10094488.44,4
2022-11-04,10314183.01,4
2022-11-07,10300951.23,4
2022-11-08,10274758.06,4
2022-11-09,10215319.23,4
2022-11-10,10014646.55,4
2022-11-11,10148477.68,4
2022-11-14,10119529.92,4
2022-11-15,10482968.67,4
2022-11-16,10260736.85,4
2022-11-17,10367263.88,4
2022-11-18,10216827.90,4
2022-11-21,10328528.21,4
2022-11-22,10217064.25,4
2022-11-23,10324046.54,4
2022-11-24,10351241.41,4
2022-11-25,10176141.94,3
2022-11-28,10026605.73,2
2022-11-29,9953887.74,2
2022-11-30,9918554.07,2
2022-12-01,10006165.74,2
2022-12-02,10046267.04,2
2022-12-05,9926230.36,1
2022-12-06,9913057.01,1
2022-12-07,9881064.60,1
2022-12-08,9896119.85,1
2022-12-09,9854717.90,1
2022-12-12,9824607.39,1
2022-12-13,9691239.95,4
2022-12-14,9698012.60,4
2022-12-15,9881334.10,4
2022-12-16,9558487.98,4
2022-12-19,9630080.60,4
2022-12-20,9427914.70,4
2022-12-21,9340093.27,3
2022-12-22,9190462.68,3
2022-12-23,9170440.12,2
2022-12-26,9242743.74,2
2022-12-27,9250700.17,2
2022-12-28,9182204.11,2
2022-12-29,9164845.13,2
2022-12-30,9075659.65,0
2023-01-03,9075659.65,0
2023-01-04,9075659.65,0
2023-01-05,9075659.65,0
2023-01-06,9075659.65,0
2023-01-09,9075659.65,0
2023-01-10,9075659.65,0
2023-01-11,9075659.65,0
2023-01-12,9014597.40,5
2023-01-13,9057168.33,5
2023-01-16,9221742.67,5
2023-01-17,9336137.93,5
2023-01-18,9391755.56,5
2023-01-19,9392993.39,5
2023-01-20,9545534.00,5
2023-01-30,9733828.53,5
2023-01-31,9596301.33,5
2023-02-01,9630428.20,5
2023-02-02,9661344.15,5
2023-02-03,9665279.44,5
2023-02-06,9532396.26,5
2023-02-07,9614309.31,5
2023-02-08,9495986.74,4
2023-02-09,9605331.17,4
2023-02-10,9613492.39,4
2023-02-13,9624301.35,4
2023-02-14,9660276.03,4
2023-02-15,9739082.71,4
2023-02-16,9588388.73,4
2023-02-17,9455183.03,4
2023-02-20,9597887.09,4
2023-02-21,9594795.03,4
2023-02-22,9572542.62,4
2023-02-23,9593667.22,4
2023-02-24,9513374.19,4
2023-02-27,9439243.56,4
2023-02-28,9450714.96,4
2023-03-01,9494656.68,4
2023-03-02,9451396.70,4
2023-03-03,9663823.87,4
2023-03-06,9759398.04,4
2023-03-07,9651782.02,4
2023-03-08,9625265.34,4
2023-03-09,9706042.69,4
2023-03-10,9589172.70,3
2023-03-13,9666982.98,3
2023-03-14,9818696.60,3
2023-03-15,9791388.85,3
2023-03-16,9581736.04,2
2023-03-17,9660197.58,2
2023-03-20,9752732.27,5
2023-03-21,10052522.34,5
2023-03-22,10224665.33,5
2023-03-23,10466093.70,5
2023-03-24,10331178.80,5
2023-03-27,10416264.80,5
2023-03-28,10062062.57,5
2023-03-29,10160916.82,5
2023-03-30,10155235.22,5
2023-03-31,10046911.78,4
2023-04-03,10300562.67,4
2023-04-04,10194902.66,4
2023-04-06,10155170.39,4
2023-04-07,10244794.84,4
2023-04-10,10320815.59,4
2023-04-11,10417289.33,4
2023-04-12,10295954.88,4
2023-04-13,10206995.85,3
2023-04-14,10462743.33,3
2023-04-17,10573875.71,3
2023-04-18,10607575.13,3
2023-04-19,10523544.54,5
2023-04-20,11514481.88,5
2023-04-21,10763132.37,4
2023-04-24,11045015.39,4
2023-04-25,10865864.71,3
2023-04-26,10702100.05,2
2023-04-27,10700140.12,2
2023-04-28,11035063.02,2
2023-05-04,11033924.72,2
2023-05-05,10870532.30,1
2023-05-08,11104388.84,1
2023-05-09,11052420.72,1
2023-05-10,10861870.94,1
2023-05-11,10844548.24,0
2023-05-12,10844548.24,0
2023-05-15,10844548.24,0
2023-05-16,10844548.24,0
2023-05-17,10844548.24,0
2023-05-18,10844548.24,0
2023-05-19,10844548.24,0
2023-05-22,10844548.24,0
2023-05-23,10771584.67,5
2023-05-24,10970423.54,5
2023-05-25,11903284.66,5
2023-05-26,11807242.97,5
2023-05-29,12266930.33,5
2023-05-30,12879353.82,5
2023-05-31,13076902.12,5
2023-06-01,12954802.84,5
2023-06-02,12649751.08,5
2023-06-05,12866011.99,5
2023-06-06,12847937.58,5
2023-06-07,13354989.01,5
2023-06-08,13091397.82,5
2023-06-09,13874831.50,5
2023-06-12,14428781.30,5
2023-06-13,14505121.82,5
2023-06-14,15747455.68,5
2023-06-15,15679752.32,5
2023-06-16,16927047.79,5
2023-06-19,18360682.06,5
2023-06-20,18752003.52,5
2023-06-21,17190298.85,5
2023-06-26,16583781.40,5
2023-06-27,16732103.90,4
2023-06-28,16716912.31,4
2023-06-29,16685320.17,4
2023-06-30,16854437.04,4
2023-07-03,17144144.82,4
2023-07-04,17051515.13,4
2023-07-05,17325581.75,4
2023-07-06,17022948.99,4
2023-07-07,17033384.69,4
2023-07-10,16990549.98,4
2023-07-11,17116729.84,4
2023-07-12,17073854.22,4
2023-07-13,17302696.59,4
2023-07-14,17265483.73,4
2023-07-17,17111846.64,4
2023-07-18,17107567.36,4
2023-07-19,17145457.17,4
2023-07-20,17159206.58,4
2023-07-21,17141277.14,3
2023-07-24,17048682.78,5
2023-07-25,17236931.32,5
2023-07-26,17016121.00,5
2023-07-27,16785835.19,5
2023-07-28,16698359.09,5
2023-07-31,16784841.78,5
2023-08-01,17019479.66,5
2023-08-02,16983962.86,5
2023-08-03,16954458.77,5
2023-08-04,17581259.57,5
2023-08-07,17759038.09,5
2023-08-08,17479619.19,5
2023-08-09,16821987.50,3
2023-08-10,16968768.84,3
2023-08-11,16399017.27,2
2023-08-14,16396350.88,2
2023-08-15,16361249.26,2
2023-08-16,16230651.65,1
2023-08-17,16238939.78,1
2023-08-18,16272092.30,1
2023-08-21,16219048.27,1
2023-08-22,16174615.43,4
2023-08-23,15439783.48,4
2023-08-24,15746890.78,4
2023-08-25,14595424.85,1
2023-08-28,14705870.88,1
2023-08-29,14878442.81,1
2023-08-30,14933665.83,1
2023-08-31,14992340.29,1
2023-09-01,14995791.73,1
2023-09-04,15054466.18,1
2023-09-05,14992340.29,1
2023-09-06,14983711.69,1
2023-09-07,14887071.41,1
2023-09-08,14837025.55,1
2023-09-11,14944020.15,1
2023-09-12,15311598.36,1
2023-09-13,14990614.57,1
2023-09-14,14907780.04,0
2023-09-15,14907780.04,0
2023-09-18,14907780.04,0
2023-09-19,14907780.04,0
2023-09-20,14807478.51,5
2023-09-21,14866679.96,5
2023-09-22,16371203.31,5
2023-09-25,16360616.19,5
2023-09-26,16756483.88,5
2023-09-27,16795750.21,5
2023-09-28,17081055.85,5
2023-10-09,16649793.08,4
2023-10-10,16688002.52,4
2023-10-11,16652852.57,4
2023-10-12,16489535.89,3
2023-10-13,16508047.55,3
2023-10-16,16372339.97,2
2023-10-17,16345915.54,2
2023-10-18,16150889.90,2
2023-10-19,16120271.23,2
2023-10-20,15954873.44,2
2023-10-23,15815544.82,1
2023-10-24,15972379.14,1
2023-10-25,16006837.60,1
2023-10-26,15697677.55,0
2023-10-27,15592061.48,5
2023-10-30,15953097.13,5
2023-10-31,15520908.69,4
2023-11-01,15366143.77,4
2023-11-02,15244047.86,3
2023-11-03,15434165.01,3
2023-11-06,15469336.00,3
2023-11-07,15520659.98,3
2023-11-08,15542784.03,3
2023-11-09,15634995.51,3
2023-11-10,15624818.66,3
2023-11-13,15620466.58,3
2023-11-14,15605589.17,3
2023-11-15,15586793.08,3
2023-11-16,15523628.42,3
2023-11-17,15608705.55,3
2023-11-20,15599064.46,3
2023-11-21,15544997.79,3
2023-11-22,15456670.28,3
2023-11-23,15528183.20,3
2023-11-24,15371470.52,3
2023-11-27,15375302.35,5
2023-11-28,15355205.56,5
2023-11-29,15238264.90,5
2023-11-30,15271158.01,5
2023-12-01,15518210.57,5
2023-12-04,15563970.10,5
2023-12-05,15166562.80,5
2023-12-06,15048207.72,5
2023-12-07,15203803.76,5
2023-12-08,15843703.89,5
2023-12-11,15971928.25,5
2023-12-12,15917448.07,5
2023-12-13,15754778.37,5
2023-12-14,15903221.44,5
2023-12-15,15679515.65,5
2023-12-18,15664259.87,5
2023-12-19,15709023.56,5
2023-12-20,15510782.73,5
2023-12-21,15757146.98,5
2023-12-22,15551560.80,5
2023-12-25,15653216.88,5
2023-12-26,15236548.33,5
2023-12-27,15285303.89,5
2023-12-28,15440226.67,5
2023-12-29,15617985.41,5
2024-01-02,15604577.00,5
2024-01-03,15548597.57,5
2024-01-04,15488148.99,5
2024-01-05,15265943.03,4
2024-01-08,15148902.95,4
2024-01-09,15202324.11,4
2024-01-10,15169459.89,4
2024-01-11,15094287.99,4
2024-01-12,15151021.40,4
2024-01-15,15220358.29,4
2024-01-16,15266963.68,4
2024-01-17,15064272.20,3
2024-01-18,15100970.89,3
2024-01-19,15023184.72,3
2024-01-22,14890855.39,3
2024-01-23,15084025.14,3
2024-01-24,15417974.60,3
2024-01-25,15396318.12,5
2024-01-26,14995037.25,5
2024-01-29,14511850.50,5
2024-01-30,13901323.04,3
2024-01-31,13831931.55,2
2024-02-01,13830869.18,2
2024-02-02,13787051.35,1
2024-02-05,13838628.24,1
2024-02-06,13978008.67,1
2024-02-07,13975552.63,1
2024-02-08,14163439.90,1
2024-02-19,14137037.44,1
2024-02-20,14104494.87,1
2024-02-21,14156071.77,1
2024-02-22,14117389.10,1
2024-02-23,14052917.98,1
2024-02-26,14023445.46,1
2024-02-27,14184930.28,1
2024-02-28,14011779.26,1
2024-02-29,14161597.87,1
2024-03-01,14265979.69,1
2024-03-04,14140336.49,4
2024-03-05,14016936.10,4
2024-03-06,13806502.78,4
2024-03-07,13475934.97,4
2024-03-08,14078911.82,4
2024-03-11,13986887.85,4
2024-03-12,13966710.51,4
2024-03-13,13997365.61,4
2024-03-14,13872020.82,4
2024-03-15,14409564.21,4
2024-03-18,14739535.53,4
2024-03-19,14560499.44,3
2024-03-20,14708576.03,3
2024-03-21,14805393.64,3
2024-03-22,14993894.58,3
2024-03-25,14521944.78,3
2024-03-26,14318950.98,2
2024-03-27,14001306.23,0
2024-03-28,14001306.23,0
2024-03-29,14001306.23,0
2024-04-01,14001306.23,0
2024-04-02,13925944.10,4
2024-04-03,13880549.98,4
2024-04-08,13888297.71,4
2024-04-09,13841697.61,4
2024-04-10,13791343.23,4
2024-04-11,13809087.67,4
2024-04-12,14125620.99,4
2024-04-15,14179235.86,4
2024-04-16,14065759.17,4
2024-04-17,14301724.39,4
2024-04-18,14313541.95,4
2024-04-19,14263137.84,4
2024-04-22,13938005.16,3
2024-04-23,13781497.04,3
2024-04-24,13839385.39,3
2024-04-25,13886208.84,3
2024-04-26,14053201.65,3
2024-04-29,14000044.14,3
2024-04-30,13952758.05,3
2024-05-06,13930383.98,3
2024-05-07,13978301.62,3
2024-05-08,13886653.56,5
2024-05-09,14210786.75,5
2024-05-10,14034947.42,5
2024-05-13,13802306.89,5
2024-05-14,13792864.25,5
2024-05-15,13692174.46,5
2024-05-16,13882883.08,5
2024-05-17,14042112.82,5
2024-05-20,14112973.57,5
2024-05-21,14152881.28,5
2024-05-22,14422013.75,5
2024-05-23,14293379.15,5
2024-05-24,13863632.53,4
2024-05-27,14192064.70,4
2024-05-28,14081604.98,4
2024-05-29,14117408.89,4
2024-05-30,14288918.11,4
2024-05-31,14215993.77,4
2024-06-03,14466007.04,4
2024-06-04,14368697.92,4
2024-06-05,14503476.96,4
2024-06-06,14841450.33,4
2024-06-07,14806227.41,4
2024-06-11,14565745.77,4
2024-06-12,14596565.12,4
2024-06-13,14476694.39,4
2024-06-14,14525414.47,4
2024-06-17,14466110.36,4
2024-06-18,14504469.92,4
2024-06-19,14472240.02,4
2024-06-20,14334664.48,4
2024-06-21,14127516.30,2
2024-06-24,14202551.79,2
2024-06-25,14188865.15,2
2024-06-26,14188587.62,2
2024-06-27,14155517.67,2
2024-06-28,14308505.15,2
2024-07-01,14457324.80,2
2024-07-02,14485116.81,2
2024-07-03,14470178.85,2
2024-07-04,14552717.40,2
2024-07-05,14581687.69,2
2024-07-08,14481234.59,5
2024-07-09,14905870.60,5
2024-07-10,14612378.54,5
2024-07-11,14679643.82,5
2024-07-12,14793986.17,5
2024-07-15,14894550.04,5
2024-07-16,14864606.44,5
2024-07-17,14403262.11,5
2024-07-18,14408490.69,5
2024-07-19,14438747.30,4
2024-07-22,14183279.28,3
2024-07-23,14057750.39,3
2024-07-24,14056494.55,2
2024-07-25,14018727.07,2
2024-07-26,13909645.87,2
2024-07-29,13941745.32,2
2024-07-30,13870556.75,2
2024-07-31,13785269.64,2
2024-08-01,13777573.69,1
2024-08-02,13777573.69,1
2024-08-05,13771746.24,1
2024-08-06,13638570.33,5
2024-08-07,13725611.97,5
2024-08-08,13664659.94,5
2024-08-09,13649540.20,5
2024-08-12,13603287.00,5
2024-08-13,13710531.04,5
2024-08-14,13645290.26,5
2024-08-15,13803808.29,5
2024-08-16,13913009.66,5
2024-08-19,14068059.45,5
2024-08-20,14016264.41,5
2024-08-21,14134532.13,5
2024-08-22,14207990.11,5
2024-08-23,14137792.80,5
2024-08-26,14045993.86,5
2024-08-27,13919469.46,5
2024-08-28,13822347.80,5
2024-08-29,13769817.60,5
2024-08-30,13755496.36,4
2024-09-02,13542599.42,4
2024-09-03,13512056.45,4
2024-09-04,13206434.02,5
2024-09-05,13205694.40,5
2024-09-06,12841244.56,5
2024-09-09,12777599.51,5
2024-09-10,12767141.33,5
2024-09-11,13013924.59,5
2024-09-12,13249300.43,5
2024-09-13,13282314.75,5
2024-09-18,13569740.15,5
2024-09-19,13676413.15,5
2024-09-20,13721577.25,5
2024-09-23,13644825.36,5
2024-09-24,14318244.35,5
2024-09-25,14743017.34,5
2024-09-26,15195578.15,5
2024-09-27,16191844.83,5
2024-09-30,18636804.89,5
2024-10-08,21239666.27,5
2024-10-09,20845988.10,4
2024-10-10,20601280.42,3
2024-10-11,19754823.45,1
2024-10-14,20686133.59,4
2024-10-15,20438351.46,4
2024-10-16,20066232.89,3
2024-10-17,20181701.29,3
2024-10-18,21284936.79,3
2024-10-21,22080959.38,3
2024-10-22,22126159.39,3
2024-10-23,21658610.81,3
2024-10-24,22124610.36,3
2024-10-25,22290785.70,3
2024-10-28,22004647.37,2
2024-10-29,21851345.04,1
2024-10-30,21745697.55,1
2024-10-31,21614044.53,1
2024-11-01,21464512.70,1
2024-11-04,21635986.70,1
2024-11-05,21847281.67,1
2024-11-06,21787956.55,1
2024-11-07,21960243.22,1
2024-11-08,22003314.89,1
2024-11-11,21681496.39,1
2024-11-12,21476694.40,5
2024-11-13,22201681.56,5
2024-11-14,21846559.18,5
2024-11-15,21321511.85,3
2024-11-18,21648160.13,3
2024-11-19,21567964.33,3
2024-11-20,21594202.38,3
2024-11-21,21613398.77,3
2024-11-22,21306809.28,3
2024-11-25,21338907.90,3
2024-11-26,21350014.21,3
2024-11-27,21548076.30,3
2024-11-28,21506036.91,3
2024-11-29,21416784.65,3
2024-12-02,21407183.28,3
2024-12-03,21606280.70,3
2024-12-04,21963882.88,3
2024-12-05,21915821.85,3
2024-12-06,21995212.08,3
2024-12-09,22054521.74,3
2024-12-10,22072393.75,3
2024-12-11,21965682.35,5
2024-12-12,22477835.49,5
2024-12-13,21871924.97,5
2024-12-16,21762240.21,5
2024-12-17,21525627.56,4
2024-12-18,21959820.39,4
2024-12-19,22141014.33,4
2024-12-20,22820780.72,4
2024-12-23,22155961.49,4
2024-12-24,22248780.19,4
2024-12-25,22173860.14,4
2024-12-26,22431231.16,4
2024-12-27,22442762.70,4
2024-12-30,22224738.21,3
2024-12-31,21561116.50,2
2025-01-02,21296209.80,2
2025-01-03,21082255.64,2
2025-01-06,21326194.25,2
2025-01-07,22042636.46,2
2025-01-08,22057603.99,2
2025-01-09,21940200.87,2
2025-01-10,21911754.16,5
2025-01-13,22174286.04,5
2025-01-14,22851826.91,5
2025-01-15,22744711.84,5
2025-01-16,22854239.09,5
2025-01-17,23060773.92,5
2025-01-20,23035297.80,5
2025-01-21,23516395.74,5
2025-01-22,23626153.23,5
2025-01-23,23411075.68,5
2025-01-24,23923249.69,5
2025-01-27,23236187.48,5
2025-02-05,22081978.11,3
2025-02-06,22410431.36,3
2025-02-07,22439993.48,3
2025-02-10,22486977.63,3
2025-02-11,22265361.28,3
2025-02-12,22673408.92,3
2025-02-13,22446608.66,3
2025-02-14,22474523.09,3
2025-02-17,22449474.51,3
2025-02-18,22436775.82,4
2025-02-19,22746032.09,4
2025-02-20,22854330.50,4
2025-02-21,23151233.53,4
2025-02-24,23309687.76,4
2025-02-25,23253434.42,4
2025-02-26,23487317.22,4
2025-02-27,23005256.08,4
2025-02-28,21746735.24,2
2025-03-03,21654189.51,2
2025-03-04,21945065.95,2
2025-03-05,21942611.10,2
2025-03-06,22000590.18,2
2025-03-07,21950351.57,2
2025-03-10,21892907.32,2
2025-03-11,21866342.45,2
2025-03-12,21785385.29,2
2025-03-13,21708581.82,2
2025-03-14,22014878.85,2
2025-03-17,21947498.65,2
2025-03-18,21900579.41,2
2025-03-19,21744264.90,5
2025-03-20,21642515.22,5
2025-03-21,21227341.82,5
2025-03-24,21434081.96,5
2025-03-25,21339365.97,5
2025-03-26,21129018.45,4
2025-03-27,20946820.44,4
2025-03-28,20933261.24,4
2025-03-31,21049592.33,4
2025-04-01,20874789.69,4
2025-04-02,20887132.62,4
2025-04-03,20575789.10,3
2025-04-07,19884731.43,2
2025-04-08,19997982.81,2
2025-04-09,19957212.31,2
2025-04-10,19923236.90,2
2025-04-11,20002512.86,2
2025-04-14,20095378.99,2
2025-04-15,20265256.06,2
2025-04-16,20396627.66,2
2025-04-17,20389832.58,2
2025-04-18,20358387.11,5
2025-04-21,20818440.00,5
2025-04-22,20885945.63,5
2025-04-23,21215217.23,5
2025-04-24,20664347.26,5
2025-04-25,21173017.05,5
2025-04-28,20854082.44,5
2025-04-29,20879866.36,5
2025-04-30,21175254.65,5
2025-05-06,22165431.07,5
2025-05-07,22027685.87,5
2025-05-08,22255198.13,5
2025-05-09,21843435.42,5
2025-05-12,22224112.43,5
2025-05-13,22111792.82,5
2025-05-14,22206573.03,5
2025-05-15,21765339.75,5
2025-05-16,21970081.10,4
2025-05-19,21838968.34,4
2025-05-20,21925077.72,4
2025-05-21,21664649.51,4
2025-05-22,21251428.36,4
2025-05-23,21104765.52,4
2025-05-26,21260278.63,4
2025-05-27,21175414.21,4
2025-05-28,21030987.24,4
2025-05-29,21213134.05,4
2025-05-30,21019789.91,4
2025-06-03,21198800.08,4
2025-06-04,21428065.50,4
2025-06-05,21718040.67,4
2025-06-06,21660900.32,4
2025-06-09,21557172.64,4
2025-06-10,21241502.45,4
2025-06-11,21262135.85,4
2025-06-12,20807198.28,3
2025-06-13,20810675.40,3
2025-06-16,20952557.42,3
2025-06-17,20996235.12,3
2025-06-18,21108491.61,3
2025-06-19,21220417.59,3
2025-06-20,21148538.07,3
2025-06-23,21194292.75,5
2025-06-24,21673588.76,5
2025-06-25,21937475.81,5
2025-06-26,21852876.79,5
2025-06-27,21524049.54,5
2025-06-30,21791491.82,5
2025-07-01,21677079.19,5
2025-07-02,21513968.34,4
2025-07-03,21357477.84,4
2025-07-04,21373877.49,4
2025-07-07,21243980.42,4
2025-07-08,21481749.97,4
2025-07-09,21460170.63,4
2025-07-10,21555215.05,4
2025-07-11,21316127.63,4
2025-07-14,21415387.33,4
2025-07-15,21443204.41,4
2025-07-16,21308188.71,4
2025-07-17,21347125.39,4
2025-07-18,21454933.06,4
2025-07-21,21488960.09,4
2025-07-22,21437586.53,5
2025-07-23,21440843.30,5
2025-07-24,21840988.92,5
2025-07-25,22413229.43,5
2025-07-28,22886168.61,5
2025-07-29,23837968.93,5
2025-07-30,23933281.76,5
2025-07-31,23861921.15,5
2025-08-01,23692189.94,5
2025-08-04,23542082.23,5
2025-08-05,23527322.14,4
2025-08-06,23700058.63,4
2025-08-07,23992308.61,4
2025-08-08,23213590.30,4
2025-08-11,23664719.29,3
2025-08-12,24124485.34,3
2025-08-13,24693742.62,3
2025-08-14,24007588.75,3
2025-08-15,24439123.21,3
2025-08-18,24728669.15,3
2025-08-19,25751715.82,3
2025-08-20,25597488.04,4
2025-08-21,25328722.21,4
2025-08-22,26308000.66,4
2025-08-25,26824238.50,4
2025-08-26,25981944.94,4
2025-08-27,26136312.60,4
2025-08-28,27423646.88,4
2025-08-29,26529260.86,4
2025-09-01,27663436.95,4
2025-09-02,26684561.43,2
2025-09-03,27528083.97,2
2025-09-04,27142417.95,2
2025-09-05,27173928.75,2
2025-09-08,26202822.80,1
2025-09-09,26240250.11,1
2025-09-10,26225279.19,1
2025-09-11,26217793.72,1
2025-09-12,26187851.87,1
2025-09-15,26127968.16,1
2025-09-16,26038142.60,1
2025-09-17,25978258.90,1
2025-09-18,25662206.80,5
2025-09-19,25407035.55,5
2025-09-22,26204258.51,5
2025-09-23,25861133.78,5
2025-09-24,25968768.81,5
2025-09-25,25856290.70,5
2025-09-26,24668381.14,3
2025-09-29,25205167.27,3
2025-09-30,25646584.99,3
2025-10-09,25968782.82,3
2025-10-10,25192126.18,2
2025-10-13,24870437.24,1
2025-10-14,24825078.57,1
2025-10-15,24719241.68,1
2025-10-16,24721401.61,1
2025-10-17,24436289.98,0
2025-10-20,24436289.98,0
2025-10-21,24436289.98,0
2025-10-22,24436289.98,0
2025-10-23,24436289.98,0
2025-10-24,24436289.98,0
2025-10-27,24271879.36,5
2025-10-28,24690867.42,5
2025-10-29,24937401.44,5
2025-10-30,24196078.52,5
2025-10-31,23816361.50,4
2025-11-03,24190016.22,4
2025-11-04,23646525.38,3
2025-11-05,23785561.27,3
2025-11-06,24660891.35,3
2025-11-07,24645275.46,3
2025-11-10,25267955.95,2
2025-11-11,24358777.72,1
2025-11-12,25030552.97,1
2025-11-13,24954578.39,1
2025-11-14,24286438.29,0
2025-11-17,24286438.29,0
2025-11-18,24286438.29,0
2025-11-19,24286438.29,0
2025-11-20,24286438.29,0
2025-11-21,24286438.29,0
2025-11-24,24286438.29,0
2025-11-25,24123035.89,5
2025-11-26,24489047.62,5
2025-11-27,24118417.46,5
2025-11-28,24325041.14,5
2025-12-01,24388464.33,5
2025-12-02,24063839.35,4
2025-12-03,23775035.98,4
2025-12-04,23706910.39,4
2025-12-05,23681997.94,4
2025-12-08,24665651.40,4
2025-12-09,24785873.05,4
2025-12-10,24440168.65,4
2025-12-11,24347360.41,4
2025-12-12,24303486.20,4
2025-12-15,23583568.08,3
2025-12-16,23492162.24,3
2025-12-17,23903180.56,3
2025-12-18,23988739.81,3
2025-12-19,24043020.85,3
2025-12-22,24175832.43,3
2025-12-23,24237904.55,3
2025-12-24,24434645.95,4
2025-12-25,24515112.17,4
2025-12-26,24288024.71,4
2025-12-29,24300519.89,4
2025-12-30,24624304.41,4
2025-12-31,24346290.96,4
2026-01-05,24830852.27,4
2026-01-06,24829043.45,4
2026-01-07,25196419.72,4
2026-01-08,24882066.20,4
2026-01-09,25071325.12,4
2026-01-12,25532251.63,4
2026-01-13,24961608.82,4
2026-01-14,24952364.89,4
2026-01-15,25695557.52,4
2026-01-16,26560619.74,4
2026-01-19,26536898.73,4
2026-01-20,26508382.63,4
2026-01-21,27140583.74,4
2026-01-22,27205398.19,4
2026-01-23,27042526.57,4
2026-01-26,26407729.61,5
2026-01-27,27217033.47,5
2026-01-28,27661997.30,5
2026-01-29,26523452.72,5
2026-01-30,26541655.53,5
2026-02-02,25253019.27,2
2026-02-03,25197853.09,2
2026-02-04,24694557.02,1
2026-02-05,24727787.92,1
2026-02-06,24660603.71,1
2026-02-09,24836871.96,1
2026-02-10,24990023.07,1
2026-02-11,24650489.95,1
2026-02-12,25015307.45,1
2026-02-13,25058652.10,1
2026-02-24,25125836.31,1
2026-02-25,25169903.37,1
2026-02-26,25630079.10,1
2026-02-27,25605517.13,1
2026-03-02,26001398.29,1
2026-03-03,26279526.48,1
2026-03-04,26111324.92,5
2026-03-05,25376532.43,5
2026-03-06,24769273.39,5
2026-03-09,23747158.33,3
2026-03-10,25111872.70,3
2026-03-11,25297014.80,3
2026-03-12,25012409.08,3
2026-03-13,24941485.37,3
2026-03-16,25068499.61,3
2026-03-17,24162883.16,2
2026-03-18,24690501.20,2
2026-03-19,24834054.21,2
2026-03-20,25583512.41,2
2026-03-23,24717425.91,1
2026-03-24,24935532.68,1
2026-03-25,25383616.54,1
2026-03-26,25377724.07,1
2026-03-27,25142537.69,1
2026-03-30,24917855.27,1
2026-03-31,24584461.06,0
2026-04-01,24584461.06,0
2026-04-02,24419053.52,5
2026-04-03,24136249.05,5
2026-04-07,24682804.78,5
2026-04-08,26553004.23,5
2026-04-09,26518822.06,5
2026-04-10,26750309.28,5
2026-04-13,26285540.94,5
2026-04-14,27294483.10,5
2026-04-15,27268260.79,5
2026-04-16,27767764.66,5
2026-04-17,27687616.39,5
2026-04-20,28760471.76,5
2026-04-21,28151314.86,5
2026-04-22,28715022.55,5
2026-04-23,28877820.69,5
2026-04-24,29476722.67,5
2026-04-27,31959186.06,5
2026-04-28,31697031.24,5
2026-04-29,31665448.72,5
2026-04-30,32740429.40,5
2026-05-06,33501776.36,5
2026-05-07,33931098.52,5
2026-05-08,34030097.64,5
2026-05-11,34753653.45,5
2026-05-12,36130617.60,5
2026-05-13,37306403.82,5
2026-05-14,37769568.02,5
2026-05-15,36439236.65,5
2026-05-18,37377495.33,4
2026-05-19,37076238.31,4
2026-05-20,37217116.84,4
2026-05-21,35730273.88,3
2026-05-22,37120442.06,3
2026-05-25,38211316.72,3
2026-05-26,38876950.97,2
2026-05-27,39241714.42,2
2026-05-28,40235887.99,2
2026-05-29,40367249.55,2
2026-06-01,39709227.91,2
2026-06-02,40641900.35,2
2026-06-03,41286950.66,2
2026-06-04,41565477.67,2
2026-06-05,40036092.74,5
2026-06-08,39210649.68,5
2026-06-09,42664466.26,5
2026-06-10,43151024.65,5
2026-06-11,44180505.98,5
2026-06-12,44744793.49,5
2026-06-15,48124944.97,5
2026-06-16,49552500.55,5
2026-06-17,52734315.49,5
2026-06-18,54351894.48,5
2026-06-22,55777914.37,5
2026-06-23,53384839.21,5
2026-06-24,56914569.64,5
2026-06-25,58488339.32,5
2026-06-26,56183214.19,4
2026-06-29,56602222.87,2
2026-06-30,56418495.40,2
2026-07-01,55061261.47,2
2026-07-02,52997847.62,0
2026-07-03,52997847.62,0
2026-07-06,52997847.62,0
2026-07-07,52641271.02,5
2026-07-08,54619360.20,5
2026-07-09,58224702.89,5
2026-07-10,54146554.18,4
2026-07-13,53396926.86,2
2026-07-14,54110603.42,2
2026-07-15,53972278.73,2
2026-07-16,53322033.88,2
2026-07-17,52225472.16,1
2026-07-20,52608317.77,1
2026-07-21,52295080.45,1
2026-07-22,52451699.11,1
2026-07-23,52521307.40,1
