date,equity,cash,positions
20200102,10000992.06,10000992.06,0
20200103,10001984.23,10001984.23,0
20200106,10002976.49,10002976.49,0
20200107,10003968.84,10003968.84,0
20200108,10004961.30,10004961.30,0
20200109,10005953.86,10005953.86,0
20200110,10006946.51,10006946.51,0
20200113,10007939.26,10007939.26,0
20200114,10008932.12,10008932.12,0
20200115,10009925.06,10009925.06,0
20200116,10010918.11,10010918.11,0
20200117,10011911.26,10011911.26,0
20200120,10012904.50,10012904.50,0
20200121,10013897.85,10013897.85,0
20200122,10014891.29,10014891.29,0
20200123,10015884.83,10015884.83,0
20200203,10016878.47,10016878.47,0
20200204,10017872.21,10017872.21,0
20200205,10018866.05,10018866.05,0
20200206,10019859.98,10019859.98,0
20200207,10020854.01,10020854.01,0
20200210,10021848.15,10021848.15,0
20200211,10022842.38,10022842.38,0
20200212,10023836.71,10023836.71,0
20200213,10024831.14,10024831.14,0
20200214,10025825.66,10025825.66,0
20200217,10026820.29,10026820.29,0
20200218,10027815.01,10027815.01,0
20200219,10028809.84,10028809.84,0
20200220,10029804.76,10029804.76,0
20200221,10030799.78,10030799.78,0
20200224,10031794.90,10031794.90,0
20200225,10032790.11,10032790.11,0
20200226,10033785.43,10033785.43,0
20200227,10034780.85,10034780.85,0
20200228,10035776.36,10035776.36,0
20200302,10036771.97,10036771.97,0
20200303,10037767.68,10037767.68,0
20200304,10038763.49,10038763.49,0
20200305,10039759.40,10039759.40,0
20200306,10040755.41,10040755.41,0
20200309,10041751.52,10041751.52,0
20200310,10042747.72,10042747.72,0
20200319,10043744.03,10043744.03,0
20200320,10044740.43,10044740.43,0
20200323,10045736.93,10045736.93,0
20200324,10046733.53,10046733.53,0
20200325,10047730.23,10047730.23,0
20200326,10048727.03,10048727.03,0
20200327,10049723.93,10049723.93,0
20200330,10050720.93,10050720.93,0
20200331,10051718.02,10051718.02,0
20200401,10052715.22,10052715.22,0
20200402,10053712.51,10053712.51,0
20200403,10054709.90,10054709.90,0
20200407,10055707.39,10055707.39,0
20200408,10056704.98,10056704.98,0
20200409,10057702.67,10057702.67,0
20200410,10058700.46,10058700.46,0
20200413,10059698.35,10059698.35,0
20200414,10060696.33,10060696.33,0
20200415,10061694.42,10061694.42,0
20200416,10062692.60,10062692.60,0
20200417,10063690.88,10063690.88,0
20200420,10064689.27,10064689.27,0
20200421,10065687.75,10065687.75,0
20200422,10066686.33,10066686.33,0
20200423,10067685.01,10067685.01,0
20200424,10068683.78,10068683.78,0
20200427,10069682.66,10069682.66,0
20200428,10070681.64,10070681.64,0
20200429,10071680.71,10071680.71,0
20200430,10072679.89,10072679.89,0
20200506,10073679.16,10073679.16,0
20200507,10074678.54,10074678.54,0
20200508,10075678.01,10075678.01,0
20200511,10076677.58,10076677.58,0
20200512,10077677.25,10077677.25,0
20200513,10078677.02,10078677.02,0
20200514,10079676.89,10079676.89,0
20200515,10080676.86,10080676.86,0
20200518,10081676.92,10081676.92,0
20200519,10082677.09,10082677.09,0
20200520,10083677.35,10083677.35,0
20200521,10084677.72,10084677.72,0
20200522,10085678.18,10085678.18,0
20200525,10086678.75,10086678.75,0
20200526,10087679.41,10087679.41,0
20200527,10088680.17,10088680.17,0
20200528,10089681.03,10089681.03,0
20200601,10090681.99,10090681.99,0
20200602,10091683.05,10091683.05,0
20200603,10092684.21,10092684.21,0
20200604,10093685.47,10093685.47,0
20200605,10094686.83,10094686.83,0
20200608,10095688.28,10095688.28,0
20200609,10096689.84,10096689.84,0
20200610,10097691.50,10097691.50,0
20200611,10098693.25,10098693.25,0
20200612,10099695.11,10099695.11,0
20200615,10100697.06,10100697.06,0
20200616,10101699.11,10101699.11,0
20200617,10102701.27,10102701.27,0
20200618,10103703.52,10103703.52,0
20200619,10104705.87,10104705.87,0
20200622,10105708.32,10105708.32,0
20200623,10106710.87,10106710.87,0
20200624,10107713.52,10107713.52,0
20200629,10108716.27,10108716.27,0
20200630,10109719.12,10109719.12,0
20200701,10110722.07,10110722.07,0
20200702,10111725.11,10111725.11,0
20200703,10112728.26,10112728.26,0
20200706,10113731.51,10113731.51,0
20200707,10114734.86,10114734.86,0
20200708,10115738.30,10115738.30,0
20200709,10116741.85,10116741.85,0
20200710,10117745.49,10117745.49,0
20200727,10118749.24,10118749.24,0
20200728,10119753.08,10119753.08,0
20200729,10120757.02,10120757.02,0
20200730,10121761.07,10121761.07,0
20200731,10122765.21,10122765.21,0
20200803,10123769.45,10123769.45,0
20200804,10124773.80,10124773.80,0
20200805,10125778.24,10125778.24,0
20200806,10126782.78,10126782.78,0
20200807,10127787.42,10127787.42,0
20200810,10128792.16,10128792.16,0
20200811,10129797.00,10129797.00,0
20200812,10130801.94,10130801.94,0
20200813,10131806.98,10131806.98,0
20200814,10132812.12,10132812.12,0
20200819,10133817.36,10133817.36,0
20200820,10134822.70,10134822.70,0
20200821,10135828.14,10135828.14,0
20200824,10136833.68,10136833.68,0
20200825,10137839.31,10137839.31,0
20200826,10138845.05,10138845.05,0
20200827,10139850.89,10139850.89,0
20200828,10140856.83,10140856.83,0
20200831,10141862.87,10141862.87,0
20200901,10142869.00,10142869.00,0
20200902,10143875.24,10143875.24,0
20200903,10144881.58,10144881.58,0
20200904,10145888.01,10145888.01,0
20200907,10146894.55,10146894.55,0
20200908,10147901.19,10147901.19,0
20200909,10148907.92,10148907.92,0
20200910,10149914.76,10149914.76,0
20200911,10150921.69,10150921.69,0
20200914,10151928.73,10151928.73,0
20200915,10152935.87,10152935.87,0
20200916,10153943.10,10153943.10,0
20200917,10154950.44,10154950.44,0
20200918,10155957.87,10155957.87,0
20200921,10156965.41,10156965.41,0
20200922,10157973.04,10157973.04,0
20200923,10158980.78,10158980.78,0
20200924,10159988.61,10159988.61,0
20200925,10160996.55,10160996.55,0
20200928,10162004.59,10162004.59,0
20200929,10163012.72,10163012.72,0
20200930,10164020.96,10164020.96,0
20201009,10165029.29,10165029.29,0
20201012,10166037.73,10166037.73,0
20201013,10167046.26,10167046.26,0
20201014,10168054.90,10168054.90,0
20201015,10169063.63,10169063.63,0
20201016,10170072.47,10170072.47,0
20201019,10171081.41,10171081.41,0
20201020,10172090.44,10172090.44,0
20201021,10173099.58,10173099.58,0
20201022,10174108.81,10174108.81,0
20201023,10175118.15,10175118.15,0
20201026,10176127.59,10176127.59,0
20201027,10177137.12,10177137.12,0
20201028,10178146.76,10178146.76,0
20201029,10179156.50,10179156.50,0
20201030,10180166.33,10180166.33,0
20201102,10181176.27,10181176.27,0
20201103,10182186.31,10182186.31,0
20201104,10183196.44,10183196.44,0
20201105,10184206.68,10184206.68,0
20201106,10185217.02,10185217.02,0
20201109,10186227.46,10186227.46,0
20201110,10187238.00,10187238.00,0
20201111,10188248.64,10188248.64,0
20201112,10189259.37,10189259.37,0
20201113,10190270.21,10190270.21,0
20201116,10191281.15,10191281.15,0
20201117,10192292.19,10192292.19,0
20201118,10193303.33,10193303.33,0
20201119,10194314.57,10194314.57,0
20201120,10195325.91,10195325.91,0
20201123,10196337.36,10196337.36,0
20201124,10197348.90,10197348.90,0
20201125,10198360.54,10198360.54,0
20201126,10199372.28,10199372.28,0
20201127,10200384.12,10200384.12,0
20201130,10201396.07,10201396.07,0
20201201,10202408.11,10202408.11,0
20201202,10203420.25,10203420.25,0
20201203,10204432.50,10204432.50,0
20201204,10205444.84,10205444.84,0
20201207,10206457.29,10206457.29,0
20201208,10207469.83,10207469.83,0
20201209,10208482.48,10208482.48,0
20201210,10209495.22,10209495.22,0
20201211,10210508.07,10210508.07,0
20201214,10211521.02,10211521.02,0
20201215,10212534.07,10212534.07,0
20201216,10213547.21,10213547.21,0
20201217,10214560.46,10214560.46,0
20201218,10215573.81,10215573.81,0
20201221,10216587.26,10216587.26,0
20201222,10217600.81,10217600.81,0
20201223,10218614.46,10218614.46,0
20201224,10219628.21,10219628.21,0
20201225,10220642.07,10220642.07,0
20201228,10221656.02,10221656.02,0
20201229,10222670.07,10222670.07,0
20201230,10223684.23,10223684.23,0
20201231,10224698.48,10224698.48,0
20210104,10225712.84,10225712.84,0
20210105,10226727.29,10226727.29,0
20210106,10227741.85,10227741.85,0
20210107,10228756.50,10228756.50,0
20210108,10229771.26,10229771.26,0
20210111,10230786.12,10230786.12,0
20210112,10231801.08,10231801.08,0
20210113,10232816.14,10232816.14,0
20210114,10233831.30,10233831.30,0
20210115,10234846.56,10234846.56,0
20210118,10235861.92,10235861.92,0
20210119,10236877.38,10236877.38,0
20210120,10237892.95,10237892.95,0
20210121,10238908.61,10238908.61,0
20210122,10239924.38,10239924.38,0
20210125,10240940.24,10240940.24,0
20210126,10241956.21,10241956.21,0
20210127,10242972.27,10242972.27,0
20210128,10243988.44,10243988.44,0
20210129,10245004.71,10245004.71,0
20210201,10246021.08,10246021.08,0
20210202,10247037.55,10247037.55,0
20210203,10248054.12,10248054.12,0
20210204,10249070.79,10249070.79,0
20210205,10250087.57,10250087.57,0
20210208,10251104.44,10251104.44,0
20210209,10252121.42,10252121.42,0
20210210,10253138.49,10253138.49,0
20210218,10254155.67,10254155.67,0
20210219,10255172.95,10255172.95,0
20210222,10256190.32,10256190.32,0
20210223,10257207.80,10257207.80,0
20210224,10258225.38,10258225.38,0
20210225,10259243.06,10259243.06,0
20210226,10260260.85,10260260.85,0
20210301,10261278.73,10261278.73,0
20210302,10262296.71,10262296.71,0
20210303,10263314.80,10263314.80,0
20210304,10264332.98,10264332.98,0
20210305,10265351.27,10265351.27,0
20210308,10266369.66,10266369.66,0
20210309,10267388.15,10267388.15,0
20210310,10268406.74,10268406.74,0
20210311,10269425.43,10269425.43,0
20210312,10270444.22,10270444.22,0
20210315,10271463.11,10271463.11,0
20210316,10272482.11,10272482.11,0
20210317,10273501.20,10273501.20,0
20210318,10274520.40,10274520.40,0
20210319,10275539.70,10275539.70,0
20210322,10276559.10,10276559.10,0
20210323,10277578.60,10277578.60,0
20210324,10278598.20,10278598.20,0
20210325,10279617.90,10279617.90,0
20210326,10280637.70,10280637.70,0
20210329,10281657.61,10281657.61,0
20210330,10282677.61,10282677.61,0
20210331,10283697.72,10283697.72,0
20210401,10284717.93,10284717.93,0
20210402,10285738.24,10285738.24,0
20210406,10286758.65,10286758.65,0
20210407,10287779.16,10287779.16,0
20210408,10288799.77,10288799.77,0
20210409,10289820.49,10289820.49,0
20210412,10290841.30,10290841.30,0
20210413,10291862.22,10291862.22,0
20210414,10292883.24,10292883.24,0
20210415,10293904.36,10293904.36,0
20210416,10294925.58,10294925.58,0
20210419,10295946.90,10295946.90,0
20210420,10296968.32,10296968.32,0
20210421,10297989.85,10297989.85,0
20210422,10299011.47,10299011.47,0
20210423,10300033.20,10300033.20,0
20210426,10301055.03,10301055.03,0
20210427,10302076.96,10302076.96,0
20210428,10294752.30,7802850.98,1
20210429,10384750.48,7803625.07,1
20210430,10321793.16,7804399.24,1
20210506,10586292.57,2804677.45,3
20210507,10702957.44,2804955.69,3
20210510,10916856.00,2805233.96,3
20210511,11034281.31,2805512.26,3
20210512,11061547.06,305542.57,4
20210513,10661665.47,305572.88,4
20210514,10884121.76,305603.20,4
20210517,10992703.73,305633.51,4
20210518,11024584.06,305663.83,4
20210519,10950388.29,305694.16,4
20210520,10909320.34,305724.48,4
20210521,10961788.28,305754.81,4
20210524,10868611.51,305785.15,4
20210525,11164833.65,305815.48,4
20210526,11183531.40,305845.82,4
20210527,11385590.24,305876.16,4
20210528,11465755.03,305906.51,4
20210531,11649341.60,305936.86,4
20210601,11673087.30,305967.21,4
20210602,11511786.51,305997.56,4
20210603,11602034.21,306027.92,4
20210604,11620826.02,306058.28,4
20210607,11619344.65,306088.64,4
20210608,11367316.44,306119.01,4
20210609,11383142.35,306149.38,4
20210610,11374731.35,306179.75,4
20210611,11346717.62,306210.12,4
20210615,11005385.51,306240.50,4
20210616,10782091.42,306270.88,4
20210617,10871394.45,306301.27,4
20210618,10864025.02,306331.65,4
20210621,10735828.46,306362.04,4
20210622,10802307.38,306392.44,4
20210623,11036377.82,306422.83,4
20210624,11033337.32,306453.23,4
20210625,11179228.14,306483.63,4
20210628,11187502.10,306514.04,4
20210629,11059225.25,306544.45,4
20210701,10855796.23,306574.86,4
20210702,10764233.57,306605.27,4
20210705,11157957.09,306635.69,4
20210706,11252542.87,306666.11,4
20210707,11500806.35,306696.53,4
20210708,11645795.03,306726.96,4
20210709,12332530.64,306757.39,4
20210712,12865296.29,306787.82,4
20210713,12856912.34,306818.26,4
20210714,12497691.38,306848.69,4
20210715,12688888.23,306879.14,4
20210716,12560300.12,306909.58,4
20210719,12704686.12,306940.03,4
20210720,12790756.51,306970.48,4
20210721,13350046.44,307000.93,4
20210722,13792807.85,307031.39,4
20210723,13708240.99,307061.85,4
20210726,13698133.66,307092.31,4
20210727,13579406.29,307122.77,4
20210728,13392999.35,307153.24,4
20210729,14168086.40,307183.71,4
20210730,15004893.27,307214.19,4
20210802,15263055.66,307244.67,4
20210803,14437488.62,307275.15,4
20210804,14992615.26,307305.63,4
20210805,14650529.31,307336.12,4
20210806,14806671.26,307366.61,4
20210809,14656283.51,307397.10,4
20210810,14584531.31,307427.60,4
20210811,14835020.34,307458.09,4
20210812,14847163.64,307488.60,4
20210813,14894662.12,307519.10,4
20210816,14242484.34,307549.61,4
20210817,13932045.84,307580.12,4
20210818,14068587.84,307610.63,4
20210819,14060075.69,307641.15,4
20210820,14177816.87,307671.67,4
20210823,14745489.10,307702.19,4
20210824,14956790.56,307732.72,4
20210825,15255434.09,307763.25,4
20210826,15638872.91,307793.78,4
20210827,15745869.39,307824.32,4
20210830,16390012.60,307854.85,4
20210831,17228162.84,307885.40,4
20210901,16636862.21,307915.94,4
20210902,17133591.07,307946.49,4
20210903,16521503.88,307977.04,4
20210906,16934354.34,308007.59,4
20210907,17663493.93,308038.15,4
20210908,17983242.22,308068.71,4
20210909,18554059.24,308099.27,4
20210910,18737635.05,308129.83,4
20210913,18918058.83,308160.40,4
20210914,18344195.50,308190.97,4
20210915,17920751.88,308221.55,4
20210916,17650845.82,308252.13,4
20210917,17305019.61,308282.71,4
20210922,17486719.80,308313.29,4
20210923,17321182.11,308343.88,4
20210924,16802085.69,308374.47,4
20210927,15655638.14,308405.06,4
20210928,15852655.02,308435.65,4
20210929,15211251.67,2732585.64,4
20210930,15120145.28,2732856.73,4
20211008,15334786.85,2733127.85,4
20211011,15452456.97,2733399.00,4
20211012,15095482.87,4430692.65,4
20211013,15229354.48,4431132.21,4
20211014,15356402.71,4431571.80,4
20211015,15390321.20,4432011.44,4
20211018,15179269.26,4432451.13,4
20211019,15318162.87,4432890.85,4
20211020,15335686.96,4433330.63,4
20211021,15401491.43,4433770.44,4
20211022,15268230.80,4434210.30,4
20211025,15505889.32,4434650.20,4
20211026,15627752.59,4435090.15,4
20211027,15382558.29,4435530.13,4
20211028,15371550.76,4435970.17,4
20211029,15642235.22,4436410.24,4
20211101,15907859.23,4436850.36,4
20211102,15847837.44,4437290.53,4
20211103,15868455.59,4437730.73,4
20211104,16127726.86,4438170.99,4
20211105,16149539.51,4438611.28,4
20211108,16158635.13,4439051.62,4
20211109,16354405.69,4439492.00,4
20211110,16141386.57,4439932.43,4
20211111,16246207.88,4440372.90,4
20211112,16395175.64,4440813.41,4
20211115,16508739.99,4441253.97,4
20211116,16275937.59,4441694.57,4
20211117,16107678.68,4442135.21,4
20211118,15868335.59,4442575.90,4
20211119,16118096.61,4443016.63,4
20211122,16831804.69,4443457.41,4
20211123,16812079.32,4443898.23,4
20211124,16742882.49,4444339.09,4
20211125,16697283.79,4444780.00,4
20211126,16782567.00,4445220.95,4
20211213,16572908.05,4445661.94,4
20211214,16538008.79,4446102.98,4
20211215,16480723.51,4446544.06,4
20211216,16350127.57,4446985.18,4
20211217,16118879.19,4447426.35,4
20211220,16092649.23,4447867.57,4
20211221,16421045.93,4448308.82,4
20211222,16531367.41,4448750.12,4
20211223,16869671.37,4449191.47,4
20211224,16798552.64,4449632.86,4
20211227,16724352.87,4450074.29,4
20211228,16714311.76,4450515.76,4
20211229,16619670.81,4450957.28,4
20211230,16812549.96,4451398.85,4
20211231,16670674.40,4451840.45,4
20220104,16525821.22,4452282.10,4
20220105,16326480.33,4452723.80,4
20220106,16195526.44,4453165.54,4
20220107,16229571.03,4453607.32,4
20220210,16116451.24,4454049.15,4
20220211,15784540.70,4454491.02,4
20220214,15674048.04,4454932.93,4
20220215,15884177.71,4455374.89,4
20220216,15857779.70,4455816.89,4
20220217,15959625.68,4456258.93,4
20220218,15991892.47,4456701.02,4
20220221,16086099.02,4457143.16,4
20220222,15962298.70,4457585.33,4
20220223,16327881.49,4458027.55,4
20220224,16037974.27,4458469.82,4
20220225,16078240.77,4458912.13,4
20220228,16260889.64,4459354.48,4
20220301,16284596.26,4459796.88,4
20220302,16149778.14,4460239.32,4
20220303,15731463.98,4460681.80,4
20220304,15514872.77,4461124.33,4
20220307,14918936.59,3825757.51,4
20220308,14793188.69,3826137.04,4
20220309,14933028.62,3826516.62,4
20220310,15033831.23,3826896.24,4
20220311,14978131.76,3827275.89,4
20220314,14673347.59,3827655.58,4
20220315,14310014.73,3828035.31,4
20220316,15078172.53,3828415.07,4
20220317,15055784.27,3828794.88,4
20220318,15035335.78,3829174.72,4
20220321,14991717.85,3829554.59,4
20220322,15022754.94,3829934.51,4
20220323,15068914.68,3830314.46,4
20220324,14907816.71,3830694.46,4
20220325,14535280.96,3831074.49,4
20220328,14550534.25,3831454.55,4
20220329,14483695.53,6054587.84,3
20220330,14834831.87,3554940.48,4
20220331,14741765.56,3555293.15,4
20220401,14944389.06,3555645.86,4
20220406,14787784.23,3555998.60,4
20220407,14560449.25,3556351.38,4
20220408,14671751.69,3556704.19,4
20220411,14136592.83,3557057.04,4
20220412,14395183.34,3557409.92,4
20220413,14360221.99,3557762.84,4
20220414,14322738.28,3558115.79,4
20220415,14411092.35,3558468.78,4
20220418,14260822.38,3558821.80,4
20220419,14258063.49,3559174.86,4
20220420,14187214.72,3559527.95,4
20220421,14197077.82,3559881.08,4
20220422,14484709.80,3560234.24,4
20220425,13999882.80,3560587.44,4
20220426,13774175.13,5530277.79,3
20220427,13951804.01,5530826.43,3
20220428,14093801.16,5531375.12,3
20220429,14196506.73,5531923.87,3
20220505,14290080.45,5532472.67,3
20220506,14107131.45,5533021.53,3
20220509,14060209.72,5533570.44,3
20220510,14217840.74,5534119.40,3
20220511,14266828.06,5534668.42,3
20220512,14098204.27,5535217.50,3
20220513,14465531.42,5535766.63,3
20220516,14314749.86,3036067.79,4
20220517,14399049.69,3036368.99,4
20220518,14281271.75,3036670.22,4
20220519,14388470.77,3036971.48,4
20220520,14463625.50,3037272.76,4
20220523,14386464.60,3037574.08,4
20220524,14112727.12,3037875.43,4
20220525,14205086.10,3038176.80,4
20220526,14190282.67,3038478.21,4
20220527,14328452.68,3038779.65,4
20220530,14449295.49,3039081.11,4
20220531,14624152.65,3039382.61,4
20220601,14455677.67,3039684.13,4
20220602,14386764.86,3039985.69,4
20220606,14682824.78,3040287.28,4
20220607,14618232.58,3040588.89,4
20220608,14700032.18,3040890.54,4
20220609,14484099.18,3041192.21,4
20220610,14961298.05,3041493.92,4
20220613,14837976.07,3041795.65,4
20220614,15241415.89,3042097.42,4
20220615,15237348.60,3042399.21,4
20220616,15071263.69,3042701.04,4
20220617,15255574.29,3043002.90,4
20220620,15349826.43,3043304.78,4
20220621,15403554.02,3043606.70,4
20220622,15147076.85,3043908.64,4
20220623,15554116.54,3044210.62,4
20220624,15748021.69,3044512.62,4
20220627,15724053.47,3044814.66,4
20220628,15753812.88,3045116.72,4
20220629,15295235.11,3045418.82,4
20220630,15619007.47,3045720.94,4
20220701,15924856.59,3046023.10,4
20220704,16233817.78,3046325.28,4
20220705,16333999.29,3046627.50,4
20220706,16288162.17,3046929.74,4
20220707,16324633.51,3047232.01,4
20220708,16119874.95,3047534.32,4
20220711,16243017.48,3047836.65,4
20220712,16349783.98,3048139.02,4
20220713,16240974.18,3048441.41,4
20220714,16628055.32,3048743.84,4
20220715,16798161.36,3049046.29,4
20220718,17150337.12,3049348.78,4
20220719,17156000.66,3049651.29,4
20220720,17207521.23,3049953.84,4
20220721,17109097.86,3050256.41,4
20220722,17157753.49,3050559.02,4
20220725,16944527.10,3050861.65,4
20220726,16953470.00,3051164.32,4
20220727,16991842.14,3051467.01,4
20220728,16968575.00,3051769.74,4
20220729,17242508.73,3052072.49,4
20220801,16916813.61,3052375.28,4
20220802,16812634.85,3052678.09,4
20220803,16447339.16,3052980.94,4
20220804,16512347.49,3053283.81,4
20220805,16651353.41,3053586.72,4
20220808,16663217.08,3053889.65,4
20220809,16603692.32,3054192.62,4
20220810,16295860.99,3054495.61,4
20220811,16377555.38,3054798.64,4
20220812,16393827.50,3055101.69,4
20220815,16502045.42,3055404.78,4
20220816,16395250.15,3055707.89,4
20220817,16401268.09,3056011.04,4
20220818,16582495.47,3056314.22,4
20220819,16363569.26,3056617.42,4
20220822,16404308.20,3056920.66,4
20220823,16568752.67,3057223.92,4
20220824,16158099.95,3057527.22,4
20220825,16151122.14,3057830.55,4
20220826,16444968.83,3058133.90,4
20220829,16231494.45,3058437.29,4
20220830,16270718.57,3058740.70,4
20220831,16189163.22,3059044.15,4
20220901,15952791.85,3059347.63,4
20220902,16139270.60,3059651.13,4
20220905,15921713.61,3059954.67,4
20220906,16297993.81,3060258.24,4
20220907,16557707.60,3060561.83,4
20220908,16559972.02,3060865.46,4
20220909,16657411.73,3061169.12,4
20220913,16342946.56,4959491.06,3
20220914,16061125.14,2459735.05,4
20220915,15719943.19,2459979.07,4
20220916,15372650.77,2460223.12,4
20220919,15233142.24,2460467.19,4
20220920,15566653.88,2460711.28,4
20220921,15446441.18,2460955.40,4
20220922,15372174.89,2461199.54,4
20220923,15215096.69,2461443.71,4
20220926,15172002.70,2461687.90,4
20220927,15052555.45,2461932.12,4
20220928,14791711.24,2462176.36,4
20220929,15025301.58,2462420.62,4
20220930,14861139.71,2462664.91,4
20221010,14562795.42,2462909.22,4
20221011,14851678.29,2463153.56,4
20221012,15024968.09,2463397.92,4
20221013,14990608.12,2463642.30,4
20221014,15112069.15,2463886.71,4
20221017,15009982.63,2464131.14,4
20221018,14966779.93,2464375.60,4
20221019,14805550.84,2464620.08,4
20221020,14384187.79,2464864.59,4
20221021,14571119.53,2465109.12,4
20221024,14434444.17,2465353.67,4
20221025,14583678.00,2465598.25,4
20221027,14402323.10,2465842.85,4
20221028,13907190.31,4668084.72,4
20221031,13732420.00,4668547.82,4
20221101,13808963.78,4669010.97,4
20221102,13828617.36,4669474.16,4
20221103,13736191.60,4669937.41,4
20221104,13913489.78,4670400.69,4
20221107,14127647.08,4670864.03,4
20221108,14095683.63,4671327.41,4
20221109,14147045.16,4671790.83,4
20221110,14062932.86,4672254.30,4
20221111,14418027.49,4672717.82,4
20221114,14369428.36,4673181.38,4
20221115,14565621.39,4673644.99,4
20221116,14589141.95,4674108.65,4
20221117,14570782.17,4674572.35,4
20221118,14482667.60,4675036.10,4
20221121,14403524.44,4675499.89,4
20221122,14488502.92,4675963.73,4
20221123,14490732.76,4676427.61,4
20221124,14540444.09,4676891.55,4
20221125,14620318.02,4677355.52,4
20221128,14405015.16,4677819.55,4
20221129,14632655.30,4678283.62,4
20221130,14548801.03,4678747.73,4
20221201,14646183.12,4679211.89,4
20221202,14612965.10,4679676.10,4
20221205,14802066.32,4680140.35,4
20221206,14750449.88,4680604.65,4
20221207,14599919.06,4681069.00,4
20221208,14626111.67,4681533.39,4
20221209,14727294.18,4681997.83,4
20221212,14620245.55,4682462.31,4
20221213,14654379.68,4682926.84,4
20221214,14708565.40,4683391.42,4
20221215,14571565.25,4683856.04,4
20221216,14598622.22,4684320.71,4
20221219,14400993.78,4684785.42,4
20221220,14297562.05,4685250.18,4
20221221,14316093.68,4685714.99,4
20221222,14284163.21,4686179.84,4
20221223,14215053.57,4686644.74,4
20221226,14200169.70,4687109.69,4
20221227,14380200.86,4687574.68,4
20221228,14371027.20,4688039.71,4
20221229,14364213.45,4688504.80,4
20221230,14463555.97,4688969.93,4
20230103,14725664.37,4689435.10,4
20230104,14716788.10,4689900.32,4
20230105,14714391.36,4690365.59,4
20230106,14727090.15,4690830.91,4
20230109,15016598.34,4691296.27,4
20230110,14969846.76,4691761.67,4
20230111,15000681.11,4692227.13,4
20230112,14967069.07,4692692.62,4
20230113,15045508.26,4693158.17,4
20230116,15075540.54,4693623.76,4
20230117,14969246.39,4694089.40,4
20230118,15049262.81,4694555.08,4
20230119,15083246.03,4695020.81,4
20230120,15284161.79,4695486.59,4
20230130,15128249.68,4695952.41,4
20230131,15217677.54,4696418.28,4
20230201,15438155.01,4696884.19,4
20230202,15436555.03,4697350.15,4
20230203,15476211.00,4697816.16,4
20230206,15372144.68,4698282.21,4
20230207,15642894.18,4698748.31,4
20230216,15611913.90,4699214.46,4
20230217,15453789.04,4699680.65,4
20230220,15722195.84,4700146.89,4
20230221,15841230.71,4700613.17,4
20230222,15747429.07,4701079.50,4
20230223,15722673.04,4701545.88,4
20230224,15732570.54,4702012.30,4
20230227,15623426.12,4702478.77,4
20230228,15748647.83,4702945.29,4
20230301,15987249.93,4703411.85,4
20230302,16110029.92,4703878.46,4
20230303,15999684.94,4704345.11,4
20230306,15980311.14,4704811.81,4
20230307,15898996.42,4705278.56,4
20230308,15801571.25,4705745.35,4
20230309,15714137.73,4706212.19,4
20230310,15626689.78,4706679.08,4
20230313,15977075.76,4707146.01,4
20230314,15842459.84,4707612.99,4
20230315,15739357.60,4708080.02,4
20230316,15648024.82,4708547.09,4
20230317,15862244.03,4709014.21,4
20230320,16051500.36,4709481.37,4
20230321,16107065.02,4709948.58,4
20230322,16851322.65,4710415.84,4
20230323,17535566.28,4710883.14,4
20230324,17660163.30,4711350.49,4
20230327,17945842.13,4711817.89,4
20230328,17743516.85,4712285.33,4
20230329,17996832.93,4712752.82,4
20230330,18096010.77,4713220.35,4
20230331,18475482.93,4713687.93,4
20230403,19164211.76,4714155.56,4
20230404,19303493.64,4714623.24,4
20230406,19550139.89,4715090.96,4
20230407,19793179.84,4715558.72,4
20230410,19828579.28,4716026.54,4
20230411,19801065.65,4716494.40,4
20230412,19930179.07,4716962.30,4
20230413,19494201.45,4717430.25,4
20230414,19851993.42,4717898.25,4
20230417,19755042.65,4718366.30,4
20230418,20710361.46,4718834.39,4
20230419,20803147.36,4719302.53,4
20230420,21211965.57,4719770.71,4
20230421,20802227.92,4720238.95,4
20230424,21313774.66,4720707.22,4
20230425,20981863.02,4721175.55,4
20230426,20741937.98,4721643.92,4
20230427,20823306.44,4722112.34,4
20230428,21912692.88,4722580.80,4
20230504,21749932.77,4723049.31,4
20230505,20950776.73,4723517.87,4
20230508,21159284.95,4723986.47,4
20230509,21487711.59,4724455.12,4
20230510,20606380.62,4724923.81,4
20230511,20190260.24,4725392.56,4
20230512,20275673.78,4725861.34,4
20230515,20741221.93,4726330.18,4
20230516,20490676.93,4726799.06,4
20230517,20595080.02,4727267.99,4
20230518,22279593.74,4727736.97,4
20230519,21992849.71,4728205.99,4
20230522,21719627.59,4728675.06,4
20230523,21251479.28,4729144.17,4
20230524,21118692.82,4729613.33,4
20230525,21588251.28,4730082.54,4
20230526,21541941.40,4730551.79,4
20230529,22062915.08,4731021.09,4
20230530,23246337.62,4731490.44,4
20230531,23073531.19,4731959.83,4
20230601,23250253.27,4732429.28,4
20230602,23308786.60,4732898.76,4
20230605,23718790.59,4733368.30,4
20230606,23382969.07,4733837.88,4
20230607,23506230.74,4734307.50,4
20230608,23515557.77,4734777.18,4
20230609,24406306.78,4735246.90,4
20230612,24822510.96,4735716.66,4
20230613,24856621.32,4736186.48,4
20230614,25613291.39,4736656.34,4
20230615,26194532.35,4737126.24,4
20230616,28186481.12,4737596.20,4
20230619,28556245.89,4738066.19,4
20230620,29492691.16,4738536.24,4
20230621,28472783.62,4739006.33,4
20230626,27254479.06,4739476.47,4
20230627,27258738.20,4739946.66,4
20230628,26799927.69,4740416.89,4
20230629,27204821.99,4740887.17,4
20230630,27179078.93,4741357.50,4
20230703,27278838.85,4741827.87,4
20230704,27239481.20,4742298.29,4
20230705,26504325.49,4742768.76,4
20230706,26476097.31,4743239.27,4
20230707,27141796.93,4743709.83,4
20230710,26820530.85,4744180.43,4
20230711,27439227.44,4744651.09,4
20230712,26541128.69,4745121.79,4
20230713,28298365.95,4745592.53,4
20230714,28440478.61,4746063.33,4
20230717,28590119.55,4746534.17,4
20230718,27962760.96,4747005.05,4
20230719,27832776.29,4747475.98,4
20230720,26009927.35,4747946.96,4
20230721,26014599.30,4748417.99,4
20230724,26041701.50,4748889.06,4
20230725,26533727.53,4749360.18,4
20230726,26090375.14,4749831.35,4
20230727,25952326.01,4750302.56,4
20230728,25910943.43,4750773.82,4
20230731,26089700.08,4751245.13,4
20230801,26799762.31,4751716.49,4
20230802,26539728.78,4752187.89,4
20230803,26230551.77,4752659.33,4
20230804,27177730.48,4753130.83,4
20230807,27378143.32,4753602.37,4
20230808,26739403.36,4754073.96,4
20230809,25972142.76,4754545.59,4
20230810,25634441.25,4755017.27,4
20230811,25256991.06,4755489.00,4
20230828,24222725.68,12675191.41,4
20230829,24278668.76,12676448.87,4
20230830,24367714.27,12677706.45,4
20230831,24345862.69,12678964.16,4
20230901,24428124.27,12680222.00,4
20230904,24451642.10,12681479.96,4
20230905,24472523.09,12682738.04,4
20230906,24439389.75,12683996.25,4
20230907,24402225.20,12685254.58,4
20230908,24370886.17,12686513.04,4
20230911,24442868.66,12687771.62,4
20230912,24449061.41,12689030.33,4
20230913,24423838.27,12690289.16,4
20230914,24528656.57,12691548.12,4
20230915,24505675.23,12692807.20,4
20230918,24522054.74,12694066.41,4
20230919,24577172.78,12695325.74,4
20230920,24582436.59,12696585.20,4
20230921,24499624.95,12697844.78,4
20230922,24500125.16,12699104.48,4
20230925,24535376.22,12700364.32,4
20230926,24508058.19,12701624.27,4
20230927,24382092.99,12702884.36,4
20230928,24365333.70,12704144.56,4
20231009,24460622.39,12705404.89,4
20231010,24401845.65,12706665.35,4
20231011,24394432.84,12707925.93,4
20231012,24504981.76,12709186.64,4
20231013,24395579.52,12710447.47,4
20231016,24459404.56,12711708.43,4
20231017,24442762.32,12712969.51,4
20231018,24436160.45,12714230.72,4
20231019,24160670.18,12715492.05,4
20231020,24020457.24,12716753.51,4
20231023,23931177.44,12718015.09,4
20231024,24078375.17,12719276.80,4
20231025,24106475.71,12720538.63,4
20231026,24271067.67,12721800.59,4
20231027,24197288.79,12723062.67,4
20231030,24295254.02,12724324.88,4
20231031,24302907.18,12725587.22,4
20231101,24279005.02,12726849.67,4
20231102,24209581.70,12728112.26,4
20231103,24221567.47,12729374.97,4
20231106,24194141.11,12730637.80,4
20231107,24256376.68,12731900.76,4
20231108,24174407.62,12733163.85,4
20231109,24266617.45,12734427.06,4
20231110,24223017.71,12735690.40,4
20231113,24257720.60,12736953.86,4
20231114,24227556.01,12738217.44,4
20231115,24396347.74,12739481.16,4
20231116,24368336.45,12740744.99,4
20231117,24446240.10,12742008.96,4
20231120,24446854.10,12743273.04,4
20231121,24454830.51,12744537.26,4
20231122,24322338.68,12745801.60,4
20231123,24398158.94,12747066.06,4
20231124,24330727.24,12748330.65,4
20231127,24306605.60,12749595.37,4
20231128,24383474.14,12750860.21,4
20231129,24452318.94,12752125.17,4
20231130,24541337.50,12753390.27,4
20231201,24444155.64,12754655.48,4
20231204,24576149.06,12755920.83,4
20231205,24296243.62,12757186.29,4
20231206,24246710.20,12758451.89,4
20231207,24267124.64,12759717.61,4
20231208,24230004.91,12760983.45,4
20231211,24362640.75,12762249.42,4
20231212,24373531.84,12763515.52,4
20231213,24368285.80,12764781.74,4
20231214,24343938.88,12766048.09,4
20231215,24339362.39,12767314.56,4
20231218,24445586.45,12768581.16,4
20231219,24493136.14,12769847.88,4
20231220,24555765.93,12771114.73,4
20231221,24516542.20,12772381.71,4
20231222,24561704.57,12773648.81,4
20231225,24672632.87,12774916.04,4
20240110,24434643.94,12776183.39,4
20240111,24304475.20,12777450.87,4
20240112,24368181.06,12778718.47,4
20240115,24381992.24,12779986.20,4
20240116,24426974.90,12781254.06,4
20240117,24081634.68,12782522.04,4
20240118,24161608.51,12783790.15,4
20240119,24210511.97,12785058.38,4
20240122,24006193.59,12786326.74,4
20240123,23977729.65,12787595.22,4
20240124,24167745.28,12788863.84,4
20240125,24235923.02,12790132.57,4
20240126,24289631.57,14651672.69,3
20240129,24361995.33,12152878.21,4
20240130,24231770.73,12154083.86,4
20240131,24155084.37,12155289.62,4
20240201,24137395.17,12156495.50,4
20240202,24010012.64,12157701.50,4
20240205,24201390.51,12158907.62,4
20240206,24334386.03,12160113.86,4
20240207,24399166.38,12161320.22,4
20240208,24482649.03,12162526.71,4
20240219,24842476.28,12163733.30,4
20240220,24982871.36,12164940.02,4
20240221,25028410.06,12166146.86,4
20240222,25183455.92,12167353.82,4
20240223,25363738.72,12168560.90,4
20240226,25019585.78,12169768.10,4
20240227,25105486.98,12170975.42,4
20240228,25012610.69,12172182.86,4
20240229,25106155.12,12173390.41,4
20240301,25215194.97,12174598.09,4
20240304,25313655.03,12175805.89,4
20240305,25603506.08,12177013.81,4
20240306,25628748.79,12178221.84,4
20240307,25792757.72,12179430.00,4
20240308,25935991.98,12180638.28,4
20240311,25941940.32,12181846.67,4
20240312,25447773.04,12183055.19,4
20240313,25562007.85,12184263.83,4
20240314,25759419.29,12185472.58,4
20240315,26022791.81,12186681.46,4
20240318,25968365.31,12187890.46,4
20240319,25954775.40,12189099.57,4
20240327,25877802.31,12190308.81,4
20240328,26110880.16,12191518.16,4
20240329,26477381.55,12192727.64,4
20240401,26524441.60,12193937.24,4
20240402,26491954.11,12195146.95,4
20240403,26530311.04,12196356.79,4
20240408,26550802.43,12197566.74,4
20240409,26388964.87,12198776.82,4
20240410,26725934.40,12199987.02,4
20240411,26721023.41,12201197.33,4
20240412,26892867.50,12202407.77,4
20240415,27049602.61,12203618.32,4
20240416,26824242.12,12204829.00,4
20240417,27033186.90,12206039.80,4
20240418,27152413.88,12207250.71,4
20240419,27199937.88,12208461.75,4
20240422,26871351.65,12209672.91,4
20240423,26591231.57,12210884.19,4
20240424,26816092.04,12212095.58,4
20240425,26726986.31,12213307.10,4
20240426,27025716.00,12214518.74,4
20240429,26839178.36,12215730.50,4
20240430,26675469.18,12216942.37,4
20240506,26618415.47,12218154.37,4
20240507,26572405.44,12219366.49,4
20240508,26494801.40,12220578.73,4
20240509,26608856.49,12221791.09,4
20240510,26785399.48,12223003.57,4
20240513,26986825.95,12224216.17,4
20240514,26985288.74,12225428.89,4
20240515,26873646.58,12226641.73,4
20240516,26898816.31,12227854.69,4
20240517,27166076.79,12229067.77,4
20240520,27393481.17,12230280.97,4
20240521,27101739.90,12231494.29,4
20240522,27033989.49,12232707.73,4
20240523,26793891.64,12233921.29,4
20240524,26750632.61,12235134.98,4
20240527,26915049.45,12236348.78,4
20240528,26885310.52,12237562.70,4
20240529,26994973.44,12238776.75,4
20240530,26708407.23,12239990.91,4
20240531,26637670.28,12241205.20,4
20240603,26714677.73,12242419.60,4
20240604,26770349.03,12243634.13,4
20240605,26684527.83,12244848.77,4
20240606,26798051.28,12246063.54,4
20240607,26942104.78,12247278.43,4
20240611,26697886.89,12248493.44,4
20240612,26774758.79,12249708.56,4
20240613,26708861.11,12250923.81,4
20240614,26784297.08,12252139.18,4
20240617,26731195.44,12253354.67,4
20240618,26743242.91,12254570.28,4
20240619,26924906.33,12255786.01,4
20240620,26994918.28,12257001.87,4
20240621,26903003.95,12258217.84,4
20240624,27030182.43,12259433.93,4
20240625,26909036.98,12260650.15,4
20240626,27006675.44,12261866.48,4
20240627,26904548.44,12263082.93,4
20240628,27190474.68,12264299.51,4
20240701,27469861.35,12265516.21,4
20240702,27487205.42,12266733.02,4
20240703,27396117.57,12267949.96,4
20240704,27516518.29,12269167.02,4
20240705,27591078.19,12270384.20,4
20240708,27605440.79,12271601.50,4
20240709,27944392.01,12272818.92,4
20240710,27781416.74,12274036.46,4
20240711,27937034.85,12275254.12,4
20240712,27862056.05,12276471.91,4
20240715,28116479.54,12277689.81,4
20240716,28295877.23,12278907.84,4
20240717,28031901.95,12280125.98,4
20240718,28086432.67,12281344.25,4
20240719,27931951.37,12282562.64,4
20240722,27737846.06,12283781.14,4
20240723,27506332.83,12284999.77,4
20240724,27578337.57,12286218.52,4
20240725,27199523.22,12287437.39,4
20240726,27188286.02,12288656.39,4
20240729,27323594.03,12289875.50,4
20240730,27267294.50,12291094.73,4
20240731,27419001.22,12292314.09,4
20240801,27492522.39,12293533.56,4
20240802,27230263.46,12294753.16,4
20240805,27000925.66,12295972.88,4
20240806,26808807.22,12297192.71,4
20240807,27133072.81,12298412.67,4
20240808,27073237.20,12299632.76,4
20240809,27184539.95,12300852.96,4
20240812,27149452.99,12302073.28,4
20240813,27174699.98,12303293.72,4
20240814,27157577.27,12304514.29,4
20240815,27304800.56,12305734.97,4
20240816,27397348.86,12306955.78,4
20240819,27634500.73,12308176.71,4
20240820,27621972.39,12309397.76,4
20240821,27585854.28,12310618.93,4
20240822,27697784.08,12311840.22,4
20240823,27684830.63,12313061.63,4
20240826,27724572.58,12314283.17,4
20240827,27734128.27,12315504.82,4
20240828,27636450.83,12316726.60,4
20240829,27425984.94,12317948.50,4
20240830,27296527.95,12319170.51,4
20240902,27123190.00,12320392.65,4
20240903,26897373.29,12321614.92,4
20240904,26604077.61,12322837.30,4
20240905,26554042.08,12324059.80,4
20240906,26548611.91,12325282.43,4
20240909,26342637.79,12326505.17,4
20240910,26415232.43,12327728.04,4
20240911,26132814.00,12328951.03,4
20240912,26130681.82,12330174.14,4
20240913,26341961.39,12331397.37,4
20240918,26549951.36,12332620.72,4
20240919,26676704.85,12333844.20,4
20240920,26827419.93,12335067.79,4
20240923,26852364.50,12336291.51,4
20240924,27428759.38,12337515.35,4
20240925,27640173.89,12338739.31,4
20240926,28005609.12,12339963.39,4
20240927,27978053.61,12341187.59,4
20240930,28668960.32,12342411.92,4
20241008,28706887.22,12343636.36,4
20241009,27961911.41,12344860.93,4
20241010,28376107.57,12346085.62,4
20241011,28221237.95,12347310.43,4
20241014,28591553.74,12348535.36,4
20241015,28125184.34,12349760.41,4
20241016,28262865.60,12350985.59,4
20241017,28033546.13,12352210.88,4
20241018,28346873.79,12353436.30,4
20241021,28376042.92,12354661.84,4
20241022,28358328.94,12355887.50,4
20241023,28337424.93,12357113.29,4
20241024,28243148.18,12358339.19,4
20241025,28120736.72,12359565.21,4
20241028,28049891.06,12360791.36,4
20241029,28037532.32,12362017.63,4
20241030,27965044.31,12363244.02,4
20241031,27947409.76,12364470.53,4
20241101,28101765.85,12365697.17,4
20241104,28209601.90,12366923.92,4
20241105,28407951.92,12368150.80,4
20241106,28156476.85,12369377.80,4
20241107,28191665.88,12370604.92,4
20241108,28196025.57,12371832.16,4
20241111,28092605.09,12373059.53,4
20241112,27712921.89,12374287.01,4
20241113,27832112.15,12375514.62,4
20241114,27662834.39,12376742.35,4
20241115,27540185.01,12377970.20,4
20241118,27712472.31,12379198.18,4
20241119,27884883.53,12380426.27,4
20241120,27844134.11,12381654.49,4
20241121,27865643.80,12382882.83,4
20241122,27531486.53,12384111.29,4
20241125,27569141.04,12385339.87,4
20241126,27556290.42,12386568.57,4
20241127,27758410.94,12387797.40,4
20241128,27658296.92,12389026.35,4
20241129,27718392.52,12390255.42,4
20241202,27707254.61,12391484.61,4
20241203,27811010.51,12392713.92,4
20241204,27936853.11,12393943.36,4
20241205,27804413.35,12395172.92,4
20241206,27922315.17,12396402.60,4
20241209,27994521.45,12397632.40,4
20241210,28085011.28,12398862.32,4
20241211,28051413.97,12400092.37,4
20241212,28213668.00,12401322.54,4
20241213,27976826.28,12402552.83,4
20241216,28077913.41,12403783.24,4
20241217,28101189.80,12405013.77,4
20241218,28223514.15,12406244.43,4
20241219,28353802.22,12407475.21,4
20241220,28181224.74,12408706.11,4
20241223,28487885.67,12409937.13,4
20241224,28702436.19,12411168.28,4
20241225,28818041.32,12412399.54,4
20241226,28934879.67,12413630.93,4
20241227,28787797.75,12414862.44,4
20241230,28886891.04,12416094.08,4
20241231,28554286.97,12417325.83,4
20250102,28298726.14,12418557.71,4
20250103,28248832.10,12419789.71,4
20250106,28236815.45,12421021.83,4
20250107,28573086.13,12422254.07,4
20250108,28676984.39,12423486.44,4
20250109,28571834.44,12424718.93,4
20250110,28495019.39,12425951.54,4
20250113,28430643.96,12427184.27,4
20250114,28624900.48,12428417.13,4
20250115,28565044.09,12429650.11,4
20250116,28737850.43,12430883.21,4
20250117,28770354.55,12432116.43,4
20250120,28736754.43,12433349.77,4
20250121,28774861.91,12434583.24,4
20250122,28741070.88,12435816.83,4
20250123,29103311.12,12437050.54,4
20250124,29497975.13,12438284.38,4
20250127,30125838.79,12439518.33,4
20250205,29610035.94,12440752.41,4
20250206,29727390.80,12441986.62,4
20250207,29838835.63,12443220.94,4
20250210,29864384.69,12444455.39,4
20250211,30090316.01,12445689.96,4
20250212,30098042.00,12446924.65,4
20250213,30009137.84,12448159.46,4
20250214,30106433.64,12449394.40,4
20250217,29795436.69,12450629.46,4
20250218,29822593.10,12451864.64,4
20250219,29791898.73,12453099.94,4
20250220,29808135.28,12454335.37,4
20250221,29773219.02,12455570.92,4
20250224,30066209.84,12456806.59,4
20250225,29952193.79,12458042.38,4
20250226,29944406.42,12459278.30,4
20250227,29768361.30,12460514.34,4
20250228,29165626.89,12461750.50,4
20250303,29134988.05,12462986.79,4
20250304,29299402.46,12464223.19,4
20250305,29480934.43,12465459.72,4
20250311,29441789.14,12466696.38,4
20250312,29528721.45,12467933.15,4
20250327,29809980.11,12469170.05,4
20250328,29896877.77,12470407.07,4
20250331,29891642.74,12471644.21,4
20250401,29788699.76,12472881.48,4
20250402,29712655.78,12474118.87,4
20250403,29653795.90,12475356.38,4
20250407,28642833.30,12476594.02,4
20250408,28875587.21,12951534.68,4
20250409,29109467.07,12952819.55,4
20250410,29261207.43,12954104.55,4
20250411,29969864.83,12955389.68,4
20250414,30108818.10,12956674.94,4
20250415,30251409.32,12957960.33,4
20250416,30491831.07,12959245.84,4
20250417,30648727.19,12960531.48,4
20250418,30593514.51,12961817.24,4
20250421,30670850.46,12963103.14,4
20250422,30714460.69,12964389.16,4
20250423,30368383.93,12965675.31,4
20250424,30437550.20,12966961.59,4
20250425,30159935.08,12968247.99,4
20250428,30336546.84,12969534.53,4
20250429,30257145.01,12970821.19,4
20250430,29912324.81,12972107.97,4
20250506,29957605.74,12973394.89,4
20250507,30140371.52,12974681.93,4
20250508,30027627.03,12975969.10,4
20250509,30008355.93,12977256.40,4
20250512,30040621.75,12978543.83,4
20250513,30112621.33,12979831.38,4
20250514,30200060.05,12981119.06,4
20250515,30035062.82,12982406.87,4
20250516,29906139.75,12983694.81,4
20250519,29968372.69,12984982.87,4
20250520,30058276.38,12986271.07,4
20250521,30411692.53,12987559.39,4
20250522,30395206.71,12988847.84,4
20250523,30259582.96,12990136.41,4
20250526,30248206.89,12991425.12,4
20250527,29923739.19,12992713.95,4
20250528,29963057.64,12994002.91,4
20250529,29990975.98,12995292.00,4
20250530,29919341.48,12996581.21,4
20250603,30154976.78,12997870.55,4
20250604,30126350.92,12999160.03,4
20250605,30079800.16,13000449.62,4
20250606,30199995.19,13001739.35,4
20250609,30095026.02,13003029.21,4
20250610,30127837.65,13004319.19,4
20250611,30294223.50,13005609.30,4
20250612,30518579.39,13006899.54,4
20250613,30526404.73,13008189.91,4
20250616,30417236.82,13009480.40,4
20250617,30470529.13,13010771.03,4
20250618,30521440.87,13012061.78,4
20250619,30423755.43,13013352.66,4
20250620,30434349.37,13014643.66,4
20250623,30618950.16,13015934.80,4
20250624,30801048.23,13017226.06,4
20250625,31099754.41,13018517.45,4
20250626,31133706.52,13019808.97,4
20250627,31117553.69,13021100.62,4
20250630,31090690.25,13022392.40,4
20250701,31321685.71,13023684.30,4
20250702,31342737.79,13024976.33,4
20250703,31320471.97,13026268.49,4
20250704,31282155.63,13027560.78,4
20250707,31218705.30,13028853.20,4
20250708,31213942.86,13030145.74,4
20250709,30974072.18,13031438.42,4
20250710,31110845.39,13032731.22,4
20250711,31214026.64,13034024.15,4
20250714,31241148.86,13035317.21,4
20250715,31174629.01,13036610.39,4
20250716,31163788.02,13037903.71,4
20250717,31095454.24,13039197.15,4
20250718,31235255.78,13040490.72,4
20250721,31318614.85,13041784.42,4
20250722,31392085.44,13043078.25,4
20250723,31397589.24,13044372.20,4
20250724,31295864.93,13045666.29,4
20250725,31155502.42,13046960.50,4
20250728,31091722.39,13048254.84,4
20250818,31529261.21,13049549.31,4
20250819,31371323.25,13050843.91,4
20250820,31511206.42,13052138.64,4
20250821,31539179.28,13053433.49,4
20250822,31705635.35,13054728.48,4
20250825,32215300.85,13056023.59,4
20250826,32292087.05,13057318.83,4
20250827,32134314.48,13058614.20,4
20250828,32139417.31,13059909.69,4
20250829,32319798.95,13061205.32,4
20250901,32660166.82,13062501.07,4
20250902,32759047.81,13063796.96,4
20250903,32743786.82,13065092.97,4
20250904,32450871.18,13066389.11,4
20250905,32839022.15,13067685.38,4
20250908,32593822.52,13068981.78,4
20250909,32727171.39,13070278.30,4
20250910,32756059.72,13071574.96,4
20250911,33051065.41,13072871.74,4
20250912,33018690.22,13074168.65,4
20250915,33443639.24,13075465.69,4
20250916,33242056.51,13076762.86,4
20250917,33193686.43,13078060.16,4
20250918,32812252.51,13079357.59,4
20250919,32827536.86,13080655.14,4
20250922,32961332.64,13081952.82,4
20250923,33213594.55,13083250.64,4
20250924,33397320.18,13084548.58,4
20250925,33759676.89,13085846.65,4
20250926,33815131.56,13087144.85,4
20250929,34196859.20,13088443.18,4
20250930,34505183.29,13089741.63,4
20251009,35605215.98,13091040.22,4
20251010,34958363.75,13092338.93,4
20251013,35246801.97,13093637.78,4
20251014,34752064.64,13094936.75,4
20251015,35173285.74,13096235.85,4
20251016,35074695.52,13097535.08,4
20251017,34795327.92,13098834.44,4
20251020,34601474.42,13100133.92,4
20251021,34726206.60,13101433.54,4
20251022,34700327.83,13102733.29,4
20251023,34888617.36,13104033.16,4
20251024,35072526.06,13105333.16,4
20251027,35449610.01,13106633.30,4
20251028,35090416.63,13107933.56,4
20251029,35321914.22,13109233.95,4
20251030,35324416.68,13110534.47,4
20251031,35012350.07,13111835.12,4
20251103,34979223.88,13113135.89,4
20251104,34735975.90,13114436.80,4
20251105,34776617.40,13115737.83,4
20251106,35011481.28,13117039.00,4
20251107,35084018.64,13118340.29,4
20251110,35151448.57,13119641.71,4
20251111,35034111.63,13120943.27,4
20251112,34985371.81,13122244.95,4
20251113,35382801.60,13123546.76,4
20251114,35093678.04,13124848.70,4
20251117,34670635.56,13126150.77,4
20251118,34500959.34,13127452.96,4
20251119,34775024.25,13128755.29,4
20251120,34631357.43,15514141.64,3
20251121,34346623.27,15515680.74,3
20251124,34266874.59,15517220.00,3
20251125,34501661.65,15518759.40,3
20251126,34348126.35,15520298.96,3
20251127,34416557.38,13021590.66,4
20251128,34333890.76,13022882.48,4
20251201,34881003.29,13024174.43,4
20251202,34723461.31,13025466.52,4
20251203,34768265.01,13026758.72,4
20251204,34987935.56,13028051.06,4
20251205,35152970.76,13029343.53,4
20251208,35352148.64,13030636.12,4
20251209,35168035.10,13031928.84,4
20251210,35095988.59,13033221.69,4
20251211,35144943.32,13034514.67,4
20251212,35515354.79,13035807.78,4
20251215,35512581.94,13037101.01,4
20251216,35217318.13,13038394.38,4
20251217,35699916.38,13039687.87,4
20251218,35936495.18,13040981.49,4
20260105,37568828.65,13042275.24,4
20260106,38178807.13,13043569.11,4
20260107,37892886.10,13044863.12,4
20260108,37611711.46,13046157.25,4
20260109,37957272.30,13047451.51,4
20260112,37936317.07,13048745.90,4
20260113,38193326.68,13050040.42,4
20260114,38195043.31,13051335.07,4
20260115,38256627.42,13052629.84,4
20260116,37884192.98,13053924.75,4
20260119,37781343.44,13055219.78,4
20260120,37607628.93,13056514.94,4
20260121,37797554.20,13057810.23,4
20260122,37551420.48,13059105.65,4
20260123,37358757.07,13060401.19,4
20260126,38019528.69,13061696.87,4
20260127,38391680.59,13062992.67,4
20260128,39107495.30,13064288.60,4
20260129,39414689.25,13065584.66,4
20260206,37429925.97,13066880.85,4
20260209,38055549.83,13068177.17,4
20260210,38144963.15,13069473.61,4
20260211,38199665.43,13070770.19,4
20260212,38527188.67,13072066.89,4
20260213,37937065.45,13073363.72,4
20260224,38273409.22,13074660.69,4
20260225,38380153.17,13075957.78,4
20260226,38371575.88,13077254.99,4
20260227,38221767.02,13078552.34,4
20260302,38811789.82,13079849.82,4
20260303,38062968.60,13081147.42,4
20260304,37754865.34,13082445.15,4
20260305,37669864.68,13083743.01,4
20260306,37463477.88,13085041.00,4
20260309,37086032.96,13086339.12,4
20260310,37350460.87,13087637.37,4
20260311,37504218.35,13088935.75,4
20260312,37324149.12,13090234.25,4
20260313,36997844.16,13091532.89,4
20260316,36965632.78,13092831.65,4
20260317,37011626.15,13094130.54,4
20260318,37179634.96,13095429.56,4
20260319,36340566.13,13096728.71,4
20260320,36119838.28,13098027.99,4
20260323,35275723.32,13099327.40,4
20260324,35925124.07,13100626.94,4
20260325,36302114.21,13101926.60,4
20260326,35897210.35,13103226.40,4
20260327,35918321.10,13104526.32,4
20260330,36024352.65,13105826.37,4
20260331,35861007.02,13107126.55,4
20260401,36363220.66,13108426.86,4
20260402,35929431.68,13109727.30,4
20260403,35749767.34,13111027.87,4
20260407,35521731.82,13112328.57,4
20260408,36430145.52,13113629.39,4
20260409,36232906.91,13114930.35,4
20260410,36375576.47,13116231.43,4
20260413,36527891.12,13117532.65,4
20260414,37213430.69,13118833.99,4
20260415,37144858.75,13120135.46,4
20260416,37273295.91,13121437.06,4
20260417,37203978.12,13122738.79,4
20260420,37754246.50,13124040.65,4
20260421,37691056.05,13125342.64,4
20260422,37372413.97,13126644.76,4
20260423,36939276.59,13127947.00,4
20260424,36704444.79,13129249.38,4
20260427,36412217.64,13130551.88,4
20260428,36128080.44,13131854.52,4
20260429,36536695.72,13133157.28,4
20260430,36320128.61,13134460.17,4
20260506,36644518.85,13135763.20,4
20260507,36896162.73,13137066.35,4
20260508,37049135.24,13138369.63,4
20260511,36880591.58,13139673.04,4
20260512,36920828.90,13140976.58,4
20260513,37101141.90,13142280.24,4
20260514,36629964.03,13143584.04,4
20260515,35984281.02,13144887.97,4
20260518,35806749.80,13146192.02,4
20260519,35872766.35,13147496.21,4
20260520,35644876.13,22991458.03,3
20260521,35360581.40,22993738.93,3
20260522,35525243.62,22996020.05,3
20260525,35573702.50,22998301.41,3
20260526,35384932.41,23000582.98,3
20260527,35222605.17,20502616.77,4
20260528,35420495.12,20504650.76,4
20260529,35350019.98,20506684.95,4
20260601,35258958.21,20508719.35,4
20260602,35603282.49,20510753.94,4
20260603,35623597.73,20512788.74,4
20260604,35516132.61,20514823.74,4
20260605,35281640.32,20516858.94,4
20260608,35145309.47,23346568.24,3
20260609,35345770.66,23348884.37,3
20260610,35344607.73,23351200.73,3
20260611,35291944.16,23353517.31,3
20260612,35459811.32,23355834.13,3
20260615,35323113.73,23358151.18,3
20260616,35141642.38,23360468.46,3
20260617,35063427.39,23362785.96,3
20260618,35050906.62,20864855.68,4
20260622,35343802.35,20866925.61,4
20260623,35277495.38,20868995.74,4
20260624,35174833.12,20871066.08,4
20260625,35214365.94,20873136.62,4
20260626,34883385.52,20875207.37,4
20260629,35013231.33,20877278.32,4
20260630,34963412.37,20879349.48,4
20260701,34972498.01,20881420.84,4
20260702,34714212.65,20883492.41,4
20260703,34777175.99,20885564.19,4
20260706,34845822.42,20887636.17,4
20260707,34919105.47,20889708.35,4
20260708,35098156.21,20891780.75,4
20260709,35203364.57,20893853.34,4
20260710,35143531.86,20895926.15,4
20260713,35212257.77,20897999.15,4
20260714,35285950.55,20900072.37,4
20260715,35298430.69,20902145.79,4
20260716,35081973.02,20904219.41,4
20260717,35054063.20,20906293.25,4
20260720,35333869.34,22910056.33,3
20260721,35169033.91,22912329.15,3
20260722,35245065.83,22914602.20,3
20260723,35246204.95,35246204.95,0
