序号,代码,名称,买入日,卖出日,买价,卖价,收益率%,盈亏金额,持仓天数,牛熊,池模式,峰值价,退出类型,触发详情
1,512010,医药ETF,2020-04-03,2020-05-29,0.4953,0.5397,8.97,897098.0,56,熊,all,0.552,★MA8动能转负,"MA6仍>MA15, 但MA8斜率=-0.0001<0 (动能走弱)"
2,513050,中概互联ETF,2020-05-29,2020-07-15,1.5499,1.9349,24.85,2707542.0,47,牛,all,2.037,Trail止损3%,价格1.936≤peak×(1-3%)=1.976
3,159995,芯片ETF,2020-07-15,2020-07-16,0.7084,0.6436,-9.14,-1243403.0,1,牛,all,0.708,Trail止损3%,价格0.644≤peak×(1-3%)=0.687
4,159995,芯片ETF,2020-07-16,2020-07-21,0.6444,0.6656,3.3,408224.0,5,牛,all,0.669,★MA8动能转负,"MA6仍>MA15, 但MA8斜率=-0.0061<0 (动能走弱)"
5,159992,创新药ETF,2020-07-21,2020-07-24,1.4498,1.4242,-1.76,-225309.0,3,牛,all,1.516,Trail止损3%,价格1.425≤peak×(1-3%)=1.471
6,159992,创新药ETF,2020-07-24,2020-08-07,1.4258,1.5372,7.81,979845.0,14,牛,all,1.613,Trail止损3%,价格1.538≤peak×(1-3%)=1.565
7,159992,创新药ETF,2020-08-07,2020-08-12,1.5388,1.4542,-5.5,-743904.0,5,牛,all,1.538,Trail止损3%,价格1.455≤peak×(1-3%)=1.492
8,512480,半导体ETF,2020-08-12,2020-08-14,0.5773,0.5797,0.41,52324.0,2,牛,all,0.58,★MA8动能转负,"MA6仍>MA15, 但MA8斜率=-0.0028<0 (动能走弱)"
9,510050,上证50ETF,2020-08-19,2020-08-27,3.0497,3.0373,-0.4,-51957.0,8,牛,all,3.056,MA6死叉,MA6<MA15 (MA8斜率0.0016仍正)
10,510880,红利ETF,2020-08-27,2020-08-28,1.9861,2.0169,1.55,198187.0,1,牛,all,2.018,★MA8动能转负,"MA6仍>MA15, 但MA8斜率=-0.0007<0 (动能走弱)"
11,159915,创业板ETF,2020-08-31,2020-09-07,2.6385,2.5476,-3.44,-446906.0,7,牛,all,2.676,Trail止损3%,价格2.549≤peak×(1-3%)=2.596
12,513100,纳指ETF,2020-09-07,2020-09-09,0.8975,0.8955,-0.22,-27733.0,2,牛,all,0.945,Trail止损3%,价格0.896≤peak×(1-3%)=0.917
13,513100,纳指ETF,2020-09-09,2020-09-10,0.8965,0.9215,2.79,348694.0,1,牛,all,0.922,★MA8动能转负,"MA6仍>MA15, 但MA8斜率=-0.0023<0 (动能走弱)"
14,510050,上证50ETF,2020-09-22,2020-09-25,3.0207,2.9774,-1.43,-184234.0,3,牛,all,3.022,★MA8动能转负,"MA6仍>MA15, 但MA8斜率=-0.0003<0 (动能走弱)"
15,513050,中概互联ETF,2020-10-15,2020-10-27,2.0711,2.1238,2.54,322304.0,12,牛,all,2.125,★MA8动能转负,"MA6仍>MA15, 但MA8斜率=-0.0015<0 (动能走弱)"
16,513050,中概互联ETF,2020-10-30,2020-11-10,2.1452,2.1888,2.03,264131.0,11,牛,all,2.27,Trail止损3%,价格2.190≤peak×(1-3%)=2.202
17,512480,半导体ETF,2020-11-10,2020-11-11,0.5653,0.5357,-5.24,-694165.0,1,牛,all,0.565,Trail止损3%,价格0.536≤peak×(1-3%)=0.548
18,512480,半导体ETF,2020-11-11,2020-11-20,0.5363,0.5357,-0.11,-13809.0,9,牛,all,0.542,★MA8动能转负,"MA6仍>MA15, 但MA8斜率=-0.0018<0 (动能走弱)"
19,513050,中概互联ETF,2020-11-30,2020-12-04,2.1172,2.1048,-0.58,-73024.0,4,牛,all,2.116,★MA8动能转负,"MA6仍>MA15, 但MA8斜率=-0.0010<0 (动能走弱)"
20,159995,芯片ETF,2020-12-04,2020-12-09,0.6243,0.6027,-3.47,-433047.0,5,牛,all,0.624,Trail止损3%,价格0.603≤peak×(1-3%)=0.605
21,159995,芯片ETF,2020-12-09,2020-12-15,0.6033,0.6047,0.22,26655.0,6,牛,all,0.61,★MA8动能转负,"MA6仍>MA15, 但MA8斜率=-0.0012<0 (动能走弱)"
22,518880,华安黄金ETF,2021-01-11,2021-01-13,3.7791,3.7949,0.42,50563.0,2,牛,def,3.805,★MA8动能转负,"MA6仍>MA15, 但MA8斜率=-0.0008<0 (动能走弱)"
23,510050,上证50ETF,2021-01-14,2021-01-27,3.552,3.552,0.0,317.0,13,牛,def,3.638,★MA8动能转负,"MA6仍>MA15, 但MA8斜率=-0.0003<0 (动能走弱)"
24,513050,中概互联ETF,2021-01-27,2021-01-28,2.4183,2.3157,-4.24,-514153.0,1,牛,all,2.417,Trail止损3%,价格2.317≤peak×(1-3%)=2.344
25,513050,中概互联ETF,2021-01-28,2021-02-23,2.3183,2.4546,5.88,682631.0,26,牛,all,2.57,Trail止损3%,价格2.456≤peak×(1-3%)=2.493
26,512010,医药ETF,2021-02-23,2021-02-24,0.8034,0.7666,-4.59,-563746.0,1,牛,all,0.803,Trail止损3%,价格0.767≤peak×(1-3%)=0.779
27,510880,红利ETF,2021-02-24,2021-03-10,2.0081,2.0119,0.19,22120.0,14,牛,all,2.082,Trail止损3%,价格2.013≤peak×(1-3%)=2.020
28,510880,红利ETF,2021-03-10,2021-03-24,2.0141,2.0399,1.28,150279.0,14,牛,all,2.115,Trail止损3%,价格2.041≤peak×(1-3%)=2.052
29,512890,中证红利低波ETF,2021-03-24,2021-03-26,0.6974,0.7006,0.46,55114.0,2,牛,all,0.701,★MA8动能转负,"MA6仍>MA15, 但MA8斜率=-0.0014<0 (动能走弱)"
30,159819,人工智能ETF,2021-04-27,2021-05-06,0.9025,0.8795,-2.55,-304297.0,9,熊,all,0.904,★MA8动能转负,"MA6仍>MA15, 但MA8斜率=-0.0028<0 (动能走弱)"
31,159992,创新药ETF,2021-05-06,2021-05-28,1.4718,1.5222,3.42,398443.0,22,熊,all,1.591,★MA8动能转负,"MA6仍>MA15, 但MA8斜率=-0.0001<0 (动能走弱)"
32,513100,纳指ETF,2021-05-28,2021-06-07,0.8975,0.8995,0.22,26997.0,10,熊,all,0.9,★MA8动能转负,"MA6仍>MA15, 但MA8斜率=-0.0004<0 (动能走弱)"
33,510050,上证50ETF,2021-06-07,2021-06-15,3.3428,3.2682,-2.23,-269529.0,8,熊,all,3.349,趋势全空,MA6<MA15 且 MA8斜率=-0.0021<0
34,512480,半导体ETF,2021-06-16,2021-07-02,0.5493,0.6416,16.81,1984115.0,16,牛,all,0.668,Trail止损3%,价格0.642≤peak×(1-3%)=0.648
35,512480,半导体ETF,2021-07-02,2021-07-13,0.6424,0.6566,2.22,306601.0,11,牛,all,0.694,Trail止损3%,价格0.657≤peak×(1-3%)=0.673
36,512480,半导体ETF,2021-07-13,2021-07-16,0.6574,0.6436,-2.09,-294043.0,3,牛,all,0.657,★MA8动能转负,"MA6仍>MA15, 但MA8斜率=-0.0000<0 (动能走弱)"
37,159995,芯片ETF,2021-07-16,2021-07-20,0.7694,0.7866,2.23,307466.0,4,牛,all,0.787,趋势全空,MA6<MA15 且 MA8斜率=-0.0019<0
38,512890,中证红利低波ETF,2021-07-21,2021-07-27,0.7474,0.7106,-4.92,-694587.0,6,牛,all,0.751,Trail止损3%,价格0.711≤peak×(1-3%)=0.728
39,159819,人工智能ETF,2021-07-27,2021-07-28,1.0106,0.9915,-1.89,-253504.0,1,牛,all,1.01,★MA8动能转负,"MA6仍>MA15, 但MA8斜率=-0.0002<0 (动能走弱)"
40,512480,半导体ETF,2021-07-28,2021-08-03,0.7074,0.6976,-1.38,-181785.0,6,牛,all,0.771,Trail止损3%,价格0.698≤peak×(1-3%)=0.748
41,512480,半导体ETF,2021-08-03,2021-08-10,0.6984,0.6916,-0.97,-125690.0,7,熊,all,0.726,★MA8动能转负,"MA6仍>MA15, 但MA8斜率=-0.0008<0 (动能走弱)"
42,159995,芯片ETF,2021-08-10,2021-08-17,0.8555,0.7956,-7.0,-899935.0,7,熊,all,0.864,Trail止损6%,价格0.796≤peak×(1-6%)=0.812
43,512890,中证红利低波ETF,2021-08-19,2021-09-27,0.7414,0.8185,10.4,1243467.0,39,熊,def,0.887,Trail止损6%,价格0.819≤peak×(1-6%)=0.834
44,510050,上证50ETF,2021-11-22,2021-11-29,2.9976,2.9694,-0.94,-124485.0,7,熊,def,3.021,★MA8动能转负,"MA6仍>MA15, 但MA8斜率=-0.0005<0 (动能走弱)"
45,510050,上证50ETF,2021-12-15,2021-12-22,3.0947,3.0313,-2.05,-267628.0,7,牛,def,3.104,★MA8动能转负,"MA6仍>MA15, 但MA8斜率=-0.0019<0 (动能走弱)"
46,515050,5G通信ETF,2021-12-29,2022-01-05,0.4132,0.4098,-0.84,-106967.0,7,牛,all,0.426,Trail止损3%,价格0.410≤peak×(1-3%)=0.413
47,515050,5G通信ETF,2022-01-05,2022-01-07,0.4102,0.4028,-1.82,-230467.0,2,牛,all,0.41,★MA8动能转负,"MA6仍>MA15, 但MA8斜率=-0.0024<0 (动能走弱)"
48,159819,人工智能ETF,2022-01-07,2022-01-10,0.9845,0.9935,0.91,112832.0,3,牛,all,0.994,★MA8动能转负,"MA6仍>MA15, 但MA8斜率=-0.0008<0 (动能走弱)"
49,512890,中证红利低波ETF,2022-01-14,2022-01-24,0.8104,0.8215,1.37,172303.0,10,熊,all,0.835,★MA8动能转负,"MA6仍>MA15, 但MA8斜率=-0.0000<0 (动能走弱)"
50,159819,人工智能ETF,2022-01-24,2022-01-27,1.0146,0.9305,-8.29,-1056504.0,3,熊,all,1.014,Trail止损6%,价格0.931≤peak×(1-6%)=0.953
51,159937,博时黄金ETF,2022-01-27,2022-02-07,3.608,3.618,0.28,32493.0,11,熊,def,3.62,★MA8动能转负,"MA6仍>MA15, 但MA8斜率=-0.0004<0 (动能走弱)"
52,510880,红利ETF,2022-02-14,2022-03-02,2.3243,2.3817,2.47,289641.0,16,熊,def,2.398,MA6死叉,MA6<MA15 (MA8斜率0.0003仍正)
53,510880,红利ETF,2022-03-08,2022-03-15,2.3063,2.1158,-8.26,-992144.0,7,熊,def,2.314,Trail止损6%,价格2.117≤peak×(1-6%)=2.175
54,518800,黄金ETF,2022-03-15,2022-03-22,4.0302,4.0558,0.63,69892.0,7,熊,def,4.058,趋势全空,MA6<MA15 且 MA8斜率=-0.0051<0
55,510880,红利ETF,2022-03-25,2022-04-19,2.3483,2.4806,5.64,625193.0,25,熊,def,2.536,★MA8动能转负,"MA6仍>MA15, 但MA8斜率=-0.0001<0 (动能走弱)"
56,512890,中证红利低波ETF,2022-05-17,2022-05-27,0.8365,0.8445,0.97,113134.0,10,熊,def,0.845,★MA8动能转负,"MA6仍>MA15, 但MA8斜率=-0.0006<0 (动能走弱)"
57,510880,红利ETF,2022-06-16,2022-06-23,2.3613,2.3237,-1.59,-188284.0,7,熊,def,2.36,趋势全空,MA6<MA15 且 MA8斜率=-0.0037<0
58,510050,上证50ETF,2022-07-06,2022-07-11,2.8015,2.7485,-1.89,-220489.0,5,牛,def,2.8,★MA8动能转负,"MA6仍>MA15, 但MA8斜率=-0.0003<0 (动能走弱)"
59,510880,红利ETF,2022-07-11,2022-07-12,2.3543,2.3747,0.87,98975.0,1,牛,def,2.376,★MA8动能转负,"MA6仍>MA15, 但MA8斜率=-0.0002<0 (动能走弱)"
60,512890,中证红利低波ETF,2022-09-16,2022-09-23,0.8615,0.8515,-1.15,-132972.0,7,熊,def,0.864,趋势全空,MA6<MA15 且 MA8斜率=-0.0037<0
61,510880,红利ETF,2022-10-20,2022-10-27,2.3803,2.3077,-3.05,-347260.0,7,熊,def,2.392,趋势全空,MA6<MA15 且 MA8斜率=-0.0052<0
62,510880,红利ETF,2022-12-02,2022-12-13,2.4193,2.4167,-0.11,-12139.0,11,熊,def,2.471,★MA8动能转负,"MA6仍>MA15, 但MA8斜率=-0.0001<0 (动能走弱)"
63,512890,中证红利低波ETF,2023-01-06,2023-03-15,0.8275,0.8925,7.86,867131.0,68,牛,def,0.895,★MA8动能转负,"MA6仍>MA15, 但MA8斜率=-0.0004<0 (动能走弱)"
64,512480,半导体ETF,2023-03-15,2023-03-28,0.4532,0.4657,2.76,327949.0,13,牛,all,0.49,Trail止损3%,价格0.466≤peak×(1-3%)=0.475
65,515880,通信ETF,2023-03-28,2023-04-10,0.1761,0.1879,6.7,819137.0,13,牛,all,0.195,Trail止损3%,价格0.188≤peak×(1-3%)=0.189
66,588200,科创芯片ETF,2023-04-10,2023-04-13,0.4813,0.4687,-2.6,-339397.0,3,牛,all,0.484,Trail止损3%,价格0.469≤peak×(1-3%)=0.469
67,588200,科创芯片ETF,2023-04-13,2023-04-21,0.4693,0.4867,3.72,473082.0,8,牛,all,0.516,Trail止损3%,价格0.487≤peak×(1-3%)=0.501
68,588200,科创芯片ETF,2023-04-21,2023-04-25,0.4873,0.4677,-4.01,-528029.0,4,牛,all,0.487,Trail止损3%,价格0.468≤peak×(1-3%)=0.472
69,588200,科创芯片ETF,2023-04-25,2023-04-26,0.4683,0.4498,-3.95,-499885.0,1,牛,all,0.468,Trail止损3%,价格0.450≤peak×(1-3%)=0.454
70,510880,红利ETF,2023-05-10,2023-05-18,2.7285,2.6935,-1.28,-155768.0,8,熊,all,2.727,★MA8动能转负,"MA6仍>MA15, 但MA8斜率=-0.0009<0 (动能走弱)"
71,512890,中证红利低波ETF,2023-06-08,2023-06-19,0.9465,0.9175,-3.07,-367789.0,11,熊,def,0.949,★MA8动能转负,"MA6仍>MA15, 但MA8斜率=-0.0001<0 (动能走弱)"
72,510050,上证50ETF,2023-08-02,2023-08-14,2.5254,2.4467,-3.12,-362464.0,12,牛,def,2.551,Trail止损3%,价格2.448≤peak×(1-3%)=2.474
73,510880,红利ETF,2023-08-30,2023-09-11,2.6124,2.6176,0.2,22090.0,12,熊,def,2.652,★MA8动能转负,"MA6仍>MA15, 但MA8斜率=-0.0007<0 (动能走弱)"
74,510050,上证50ETF,2023-09-12,2023-09-19,2.4363,2.4337,-0.11,-12407.0,7,熊,def,2.436,趋势全空,MA6<MA15 且 MA8斜率=-0.0021<0
75,159937,博时黄金ETF,2023-09-27,2023-10-09,4.5075,4.3976,-2.44,-274852.0,12,熊,def,4.505,趋势全空,MA6<MA15 且 MA8斜率=-0.0014<0
76,518800,黄金ETF,2023-12-05,2023-12-13,4.8016,4.7414,-1.25,-138001.0,8,熊,def,4.813,★MA8动能转负,"MA6仍>MA15, 但MA8斜率=-0.0006<0 (动能走弱)"
77,510880,红利ETF,2024-01-11,2024-01-18,2.5804,2.5546,-1.0,-108687.0,7,熊,def,2.618,★MA8动能转负,"MA6仍>MA15, 但MA8斜率=-0.0005<0 (动能走弱)"
78,512890,中证红利低波ETF,2024-02-01,2024-03-06,0.9465,1.0174,7.49,805583.0,34,熊,def,1.023,★MA8动能转负,"MA6仍>MA15, 但MA8斜率=-0.0001<0 (动能走弱)"
79,510880,红利ETF,2024-03-12,2024-03-15,2.8025,2.7845,-0.64,-74529.0,3,牛,def,2.801,★MA8动能转负,"MA6仍>MA15, 但MA8斜率=-0.0018<0 (动能走弱)"
80,510880,红利ETF,2024-04-22,2024-04-26,2.9376,2.8774,-2.05,-235305.0,4,牛,def,2.936,★MA8动能转负,"MA6仍>MA15, 但MA8斜率=-0.0003<0 (动能走弱)"
81,513050,中概互联ETF,2024-04-30,2024-05-23,1.0106,1.0954,8.4,944276.0,23,牛,all,1.149,Trail止损3%,价格1.096≤peak×(1-3%)=1.115
82,513050,中概互联ETF,2024-05-23,2024-05-28,1.0966,1.0964,-0.02,-2292.0,5,牛,all,1.097,★MA8动能转负,"MA6仍>MA15, 但MA8斜率=-0.0024<0 (动能走弱)"
83,515050,5G通信ETF,2024-05-28,2024-05-29,0.3072,0.3048,-0.76,-92723.0,1,牛,all,0.307,★MA8动能转负,"MA6仍>MA15, 但MA8斜率=-0.0008<0 (动能走弱)"
84,515050,5G通信ETF,2024-06-11,2024-06-24,0.3142,0.3328,5.93,717856.0,13,牛,all,0.349,Trail止损3%,价格0.333≤peak×(1-3%)=0.339
85,159509,纳指科技ETF,2024-06-24,2024-06-25,1.6759,1.6181,-3.45,-442041.0,1,牛,all,1.675,Trail止损3%,价格1.619≤peak×(1-3%)=1.625
86,159509,纳指科技ETF,2024-06-25,2024-07-02,1.6199,1.6961,4.7,581819.0,7,熊,all,1.717,★MA8动能转负,"MA6仍>MA15, 但MA8斜率=-0.0002<0 (动能走弱)"
87,510880,红利ETF,2024-07-10,2024-07-17,2.8836,2.8824,-0.04,-5262.0,7,熊,all,2.91,趋势全空,MA6<MA15 且 MA8斜率=-0.0031<0
88,515050,5G通信ETF,2024-07-17,2024-07-24,0.3452,0.3238,-6.19,-801568.0,7,熊,all,0.345,Trail止损6%,价格0.324≤peak×(1-6%)=0.324
89,588890,科创AIETF,2024-07-24,2024-07-31,1.0826,1.1434,5.61,681942.0,7,熊,all,1.144,趋势全空,MA6<MA15 且 MA8斜率=-0.0051<0
90,159992,创新药ETF,2024-08-09,2024-08-16,0.6313,0.6317,0.05,6205.0,7,熊,all,0.638,★MA8动能转负,"MA6仍>MA15, 但MA8斜率=-0.0017<0 (动能走弱)"
91,513100,纳指ETF,2024-08-19,2024-08-30,1.4428,1.4162,-1.84,-236397.0,11,熊,all,1.471,★MA8动能转负,"MA6仍>MA15, 但MA8斜率=-0.0013<0 (动能走弱)"
92,159915,创业板ETF,2024-10-09,2024-10-11,2.2432,2.0589,-8.22,-1035495.0,2,熊,all,2.242,Trail止损6%,价格2.060≤peak×(1-6%)=2.107
93,510050,上证50ETF,2024-10-11,2024-10-17,2.6605,2.5756,-3.19,-368929.0,6,牛,def,2.692,Trail止损3%,价格2.577≤peak×(1-3%)=2.611
94,588200,科创芯片ETF,2024-10-17,2024-10-23,0.4082,0.4597,12.62,1412903.0,6,牛,all,0.478,Trail止损3%,价格0.460≤peak×(1-3%)=0.464
95,512480,半导体ETF,2024-10-23,2024-11-01,0.4883,0.4717,-3.39,-426771.0,9,牛,all,0.493,Trail止损3%,价格0.472≤peak×(1-3%)=0.478
96,159995,芯片ETF,2024-11-01,2024-11-04,0.5723,0.5807,1.46,178055.0,3,牛,all,0.581,★MA8动能转负,"MA6仍>MA15, 但MA8斜率=-0.0023<0 (动能走弱)"
97,513100,纳指ETF,2024-11-04,2024-11-05,1.4438,1.4372,-0.46,-56364.0,1,牛,all,1.443,★MA8动能转负,"MA6仍>MA15, 但MA8斜率=-0.0012<0 (动能走弱)"
98,515880,通信ETF,2024-11-06,2024-11-14,0.2361,0.2409,2.01,246835.0,8,牛,all,0.252,Trail止损3%,价格0.241≤peak×(1-3%)=0.244
99,159995,芯片ETF,2024-11-14,2024-11-15,0.6394,0.6107,-4.49,-563087.0,1,牛,all,0.639,Trail止损3%,价格0.611≤peak×(1-3%)=0.620
100,588890,科创AIETF,2024-11-15,2024-11-20,1.6009,1.6261,1.58,188869.0,5,牛,all,1.635,★MA8动能转负,"MA6仍>MA15, 但MA8斜率=-0.0019<0 (动能走弱)"
101,518880,华安黄金ETF,2024-11-26,2024-12-05,5.8472,5.9237,1.31,159344.0,9,牛,all,5.931,★MA8动能转负,"MA6仍>MA15, 但MA8斜率=-0.0004<0 (动能走弱)"
102,588890,科创AIETF,2024-12-05,2024-12-13,1.6329,1.6191,-0.84,-104156.0,8,牛,all,1.65,★MA8动能转负,"MA6仍>MA15, 但MA8斜率=-0.0002<0 (动能走弱)"
103,513180,恒生科技ETF,2024-12-13,2024-12-23,0.6183,0.6137,-0.76,-92520.0,10,牛,all,0.618,趋势全空,MA6<MA15 且 MA8斜率=-0.0004<0
104,515050,5G通信ETF,2024-12-23,2024-12-31,0.3832,0.3798,-0.89,-108314.0,8,牛,all,0.404,Trail止损3%,价格0.380≤peak×(1-3%)=0.392
105,159995,芯片ETF,2024-12-31,2025-01-02,0.6133,0.5847,-4.67,-562093.0,2,牛,all,0.613,Trail止损3%,价格0.585≤peak×(1-3%)=0.595
106,159995,芯片ETF,2025-01-02,2025-01-06,0.5853,0.5707,-2.5,-286740.0,4,牛,all,0.585,★MA8动能转负,"MA6仍>MA15, 但MA8斜率=-0.0059<0 (动能走弱)"
107,510880,红利ETF,2025-01-06,2025-01-07,2.9646,2.9474,-0.58,-65062.0,1,牛,all,2.963,趋势全空,MA6<MA15 且 MA8斜率=-0.0011<0
108,159509,纳指科技ETF,2025-01-09,2025-01-13,1.6369,1.5841,-3.22,-358353.0,4,牛,all,1.636,Trail止损3%,价格1.585≤peak×(1-3%)=1.587
109,159509,纳指科技ETF,2025-01-13,2025-01-14,1.5859,1.6101,1.53,164439.0,1,牛,all,1.611,★MA8动能转负,"MA6仍>MA15, 但MA8斜率=-0.0003<0 (动能走弱)"
110,512480,半导体ETF,2025-01-20,2025-03-03,0.5053,0.5467,8.2,895334.0,42,熊,all,0.586,Trail止损6%,价格0.547≤peak×(1-6%)=0.551
111,588890,科创AIETF,2025-03-03,2025-03-12,1.792,1.879,4.85,573586.0,9,牛,all,1.925,★MA8动能转负,"MA6仍>MA15, 但MA8斜率=-0.0018<0 (动能走弱)"
112,513050,中概互联ETF,2025-03-12,2025-03-20,1.4938,1.5302,2.43,301399.0,8,牛,all,1.595,Trail止损3%,价格1.531≤peak×(1-3%)=1.547
113,513050,中概互联ETF,2025-03-20,2025-03-25,1.5318,1.4712,-3.96,-502527.0,5,牛,all,1.531,Trail止损3%,价格1.472≤peak×(1-3%)=1.485
114,513050,中概互联ETF,2025-03-25,2025-03-27,1.4728,1.4912,1.25,152035.0,2,牛,all,1.492,趋势全空,MA6<MA15 且 MA8斜率=-0.0011<0
115,159992,创新药ETF,2025-04-07,2025-04-14,0.6864,0.7206,4.99,615410.0,7,熊,all,0.721,趋势全空,MA6<MA15 且 MA8斜率=-0.0071<0
116,588200,科创芯片ETF,2025-04-18,2025-04-28,0.5183,0.5137,-0.88,-114188.0,10,熊,all,0.523,★MA8动能转负,"MA6仍>MA15, 但MA8斜率=-0.0005<0 (动能走弱)"
117,159937,博时黄金ETF,2025-04-28,2025-05-06,7.4601,7.5928,1.78,228482.0,8,熊,all,7.597,★MA8动能转负,"MA6仍>MA15, 但MA8斜率=-0.0011<0 (动能走弱)"
118,159992,创新药ETF,2025-05-06,2025-06-19,0.7394,0.7746,4.76,621688.0,44,熊,all,0.837,Trail止损6%,价格0.775≤peak×(1-6%)=0.787
119,515880,通信ETF,2025-06-20,2025-09-02,0.2241,0.4248,89.52,12258397.0,74,牛,all,0.451,Trail止损3%,价格0.425≤peak×(1-3%)=0.437
120,515880,通信ETF,2025-09-02,2025-09-04,0.4252,0.3928,-7.63,-1980365.0,2,牛,all,0.433,Trail止损3%,价格0.393≤peak×(1-3%)=0.420
121,515880,通信ETF,2025-09-04,2025-09-08,0.3932,0.3988,1.42,339213.0,4,牛,all,0.42,Trail止损3%,价格0.399≤peak×(1-3%)=0.407
122,515880,通信ETF,2025-09-08,2025-09-11,0.3992,0.4498,12.66,3077173.0,3,牛,all,0.45,★MA8动能转负,"MA6仍>MA15, 但MA8斜率=-0.0049<0 (动能走弱)"
123,159992,创新药ETF,2025-09-11,2025-09-15,0.9785,0.9835,0.5,137726.0,4,牛,all,0.984,★MA8动能转负,"MA6仍>MA15, 但MA8斜率=-0.0005<0 (动能走弱)"
124,159301,自由现金流ETF,2025-09-15,2025-09-22,0.9595,0.9295,-3.13,-861700.0,7,牛,all,0.959,Trail止损3%,价格0.930≤peak×(1-3%)=0.930
125,588890,科创AIETF,2025-09-22,2025-10-10,2.6605,2.7755,4.32,1152642.0,18,牛,all,2.972,Trail止损3%,价格2.777≤peak×(1-3%)=2.883
126,588170,科创半导体ETF,2025-10-10,2025-10-14,0.5013,0.4847,-3.3,-917940.0,4,牛,all,0.52,Trail止损3%,价格0.485≤peak×(1-3%)=0.504
127,588170,科创半导体ETF,2025-10-14,2025-10-17,0.4853,0.4547,-6.29,-1691541.0,3,牛,all,0.485,Trail止损3%,价格0.455≤peak×(1-3%)=0.470
128,513100,纳指ETF,2025-10-17,2025-11-04,1.808,1.9389,7.24,1825516.0,18,牛,all,2.0,Trail止损3%,价格1.940≤peak×(1-3%)=1.940
129,515880,通信ETF,2025-11-04,2025-11-07,0.4512,0.4547,0.78,209770.0,3,牛,all,0.46,★MA8动能转负,"MA6仍>MA15, 但MA8斜率=-0.0025<0 (动能走弱)"
130,513100,纳指ETF,2025-11-07,2025-11-10,1.9251,1.9499,1.29,351922.0,3,牛,all,1.951,★MA8动能转负,"MA6仍>MA15, 但MA8斜率=-0.0007<0 (动能走弱)"
131,518800,黄金ETF,2025-11-13,2025-11-17,9.6213,9.3049,-3.29,-907458.0,4,牛,all,9.616,Trail止损3%,价格9.310≤peak×(1-3%)=9.328
132,518800,黄金ETF,2025-11-17,2025-11-24,9.3151,9.2849,-0.32,-86604.0,7,牛,all,9.384,★MA8动能转负,"MA6仍>MA15, 但MA8斜率=-0.0005<0 (动能走弱)"
133,159819,人工智能ETF,2025-12-02,2025-12-15,1.4608,1.4772,1.12,298337.0,13,牛,all,1.527,Trail止损3%,价格1.478≤peak×(1-3%)=1.481
134,515880,通信ETF,2025-12-15,2025-12-23,0.4843,0.5117,5.67,1524801.0,8,牛,all,0.514,★MA8动能转负,"MA6仍>MA15, 但MA8斜率=-0.0013<0 (动能走弱)"
135,515880,通信ETF,2025-12-26,2026-01-13,0.5173,0.5197,0.47,133500.0,18,牛,all,0.54,Trail止损3%,价格0.520≤peak×(1-3%)=0.524
136,588170,科创半导体ETF,2026-01-13,2026-01-22,0.5613,0.6177,10.04,2866860.0,9,牛,all,0.639,Trail止损3%,价格0.618≤peak×(1-3%)=0.620
137,588170,科创半导体ETF,2026-01-22,2026-01-26,0.6183,0.6037,-2.37,-745616.0,4,牛,all,0.627,Trail止损3%,价格0.604≤peak×(1-3%)=0.608
138,588170,科创半导体ETF,2026-01-26,2026-01-29,0.6043,0.6027,-0.28,-84462.0,3,牛,all,0.631,Trail止损3%,价格0.603≤peak×(1-3%)=0.612
139,588200,科创芯片ETF,2026-01-29,2026-02-02,0.9115,0.8735,-4.17,-1274798.0,4,牛,all,0.922,Trail止损3%,价格0.874≤peak×(1-3%)=0.894
140,518880,华安黄金ETF,2026-02-02,2026-02-05,9.9134,10.5172,6.09,1785585.0,3,牛,all,10.867,Trail止损3%,价格10.523≤peak×(1-3%)=10.541
141,515880,通信ETF,2026-02-05,2026-02-09,0.5133,0.5377,4.76,1479922.0,4,牛,all,0.538,★MA8动能转负,"MA6仍>MA15, 但MA8斜率=-0.0021<0 (动能走弱)"
142,588220,科创100ETF,2026-02-26,2026-03-03,1.5729,1.4732,-6.34,-2064896.0,5,牛,all,1.574,Trail止损3%,价格1.474≤peak×(1-3%)=1.527
143,588170,科创半导体ETF,2026-03-03,2026-03-05,0.5743,0.5757,0.24,72668.0,2,牛,all,0.576,★MA8动能转负,"MA6仍>MA15, 但MA8斜率=-0.0012<0 (动能走弱)"
144,515050,5G通信ETF,2026-03-05,2026-03-10,0.7994,0.8136,1.77,540046.0,5,牛,all,0.814,★MA8动能转负,"MA6仍>MA15, 但MA8斜率=0.0000<0 (动能走弱)"
145,510880,红利ETF,2026-03-10,2026-03-23,3.2718,3.2322,-1.21,-376583.0,13,牛,all,3.381,Trail止损3%,价格3.234≤peak×(1-3%)=3.280
146,159915,创业板ETF,2026-03-23,2026-03-25,3.2298,3.3052,2.33,718040.0,2,牛,all,3.307,★MA8动能转负,"MA6仍>MA15, 但MA8斜率=-0.0019<0 (动能走弱)"
147,515880,通信ETF,2026-04-02,2026-04-28,0.5413,0.6636,22.6,7113151.0,26,熊,all,0.707,Trail止损6%,价格0.664≤peak×(1-6%)=0.665
148,515050,5G通信ETF,2026-04-28,2026-05-15,0.9875,1.1074,12.14,4682808.0,17,牛,all,1.156,Trail止损3%,价格1.108≤peak×(1-3%)=1.121
149,588200,科创芯片ETF,2026-05-15,2026-05-21,1.1416,1.1893,4.18,1808567.0,6,牛,all,1.255,Trail止损3%,价格1.190≤peak×(1-3%)=1.217
150,588170,科创半导体ETF,2026-05-21,2026-05-27,0.8455,0.8545,1.07,483318.0,6,牛,all,0.906,Trail止损3%,价格0.855≤peak×(1-3%)=0.879
151,588170,科创半导体ETF,2026-05-27,2026-05-29,0.8555,0.8156,-4.67,-2126023.0,2,牛,all,0.869,Trail止损3%,价格0.816≤peak×(1-3%)=0.843
152,159995,芯片ETF,2026-05-29,2026-06-01,1.2467,1.1784,-5.48,-2380769.0,3,牛,all,1.246,Trail止损3%,价格1.179≤peak×(1-3%)=1.209
153,159995,芯片ETF,2026-06-01,2026-06-03,1.1796,1.2413,5.23,2146186.0,2,牛,all,1.242,★MA8动能转负,"MA6仍>MA15, 但MA8斜率=-0.0040<0 (动能走弱)"
154,513100,纳指ETF,2026-06-03,2026-06-05,2.3003,2.2038,-4.19,-1811899.0,2,牛,all,2.299,Trail止损3%,价格2.205≤peak×(1-3%)=2.230
155,515880,通信ETF,2026-06-05,2026-06-08,0.8325,0.8006,-3.83,-1585924.0,3,牛,all,0.832,Trail止损3%,价格0.801≤peak×(1-3%)=0.807
156,515880,通信ETF,2026-06-08,2026-06-10,0.8014,0.8146,1.64,651151.0,2,牛,all,0.848,Trail止损3%,价格0.815≤peak×(1-3%)=0.823
157,515880,通信ETF,2026-06-10,2026-06-16,0.8154,0.8645,6.02,2434616.0,6,牛,all,0.865,★MA8动能转负,"MA6仍>MA15, 但MA8斜率=-0.0005<0 (动能走弱)"
158,515050,5G通信ETF,2026-06-23,2026-06-26,1.3427,1.3583,1.16,495546.0,3,牛,all,1.439,Trail止损3%,价格1.359≤peak×(1-3%)=1.396
159,515050,5G通信ETF,2026-06-26,2026-07-01,1.3597,1.3333,-1.95,-844902.0,5,牛,all,1.397,Trail止损3%,价格1.334≤peak×(1-3%)=1.355
160,159782,科创50ETF,2026-07-01,2026-07-02,1.4268,1.3233,-7.25,-3086177.0,1,牛,all,1.426,Trail止损3%,价格1.324≤peak×(1-3%)=1.383
161,588170,科创半导体ETF,2026-07-02,2026-07-03,1.2357,1.1923,-3.51,-1383612.0,1,牛,all,1.235,Trail止损3%,价格1.193≤peak×(1-3%)=1.198
162,588170,科创半导体ETF,2026-07-03,2026-07-10,1.1937,1.2913,8.18,3113805.0,7,牛,all,1.397,Trail止损3%,价格1.292≤peak×(1-3%)=1.355
163,589720,半导体设备ETF,2026-07-10,2026-07-16,0.9515,0.9815,3.15,1295699.0,6,牛,all,0.996,★MA8动能转负,"MA6仍>MA15, 但MA8斜率=-0.0003<0 (动能走弱)"
164,510050,上证50ETF,2026-07-16,2026-07-20,3.0057,3.0053,-0.01,-4325.0,4,牛,all,3.007,趋势全空,MA6<MA15 且 MA8斜率=-0.0012<0
165,159992,创新药ETF,2026-07-20,2026-07-24,0.8705,0.8385,-3.67,-1558484.0,4,牛,all,0.88,Trail止损3%,价格0.839≤peak×(1-3%)=0.854
166,512010,医药ETF,2026-07-24,2026-07-29,0.3652,0.3728,2.08,850817.0,5,牛,all,0.373,★MA8动能转负,"MA6仍>MA15, 但MA8斜率=-0.0029<0 (动能走弱)"
