序号,代码,名称,买入日,卖出日,买价,卖价,收益率%,盈亏金额,持仓天数,买入牛熊,买入池,买入MA6,买入MA15,买入MA8斜率,买入MA60,买入ratio,买入回撤%,卖出牛熊,卖出池,峰值价,退出类型,触发详情
1,512010,医药ETF,2020-04-03,2020-05-29,0.4953,0.5397,8.97,897098.0,56,熊,all,0.4882,0.4719,0.00854,0.4858,1.0344,5.71,熊,all,,★MA8动能转负,"MA6仍>MA15,MA8斜率-0.0001<0"
2,513050,中概互联ETF,2020-05-29,2020-07-15,1.5499,1.9349,24.85,2707542.0,47,熊,all,1.5615,1.5466,0.003036,1.4505,1.0096,3.19,牛,all,,Trail止损3%,价1.936≤peak2.037×(1-3%)
3,159995,芯片ETF,2020-07-15,2020-07-16,0.7084,0.6436,-9.14,-1243403.0,1,牛,all,0.7262,0.6504,0.027208,0.5597,1.1165,7.57,牛,all,,Trail止损3%,价0.644≤peak0.708×(1-3%)
4,159995,芯片ETF,2020-07-16,2020-07-21,0.6444,0.6656,3.3,408224.0,5,牛,all,0.7312,0.6593,0.023581,0.5635,1.1091,15.93,牛,all,,★MA8动能转负,"MA6仍>MA15,MA8斜率-0.0061<0"
5,159992,创新药ETF,2020-07-21,2020-07-24,1.4498,1.4242,-1.76,-225309.0,3,牛,all,1.4235,1.3485,0.00857,1.1727,1.0556,4.1,牛,all,,Trail止损3%,价1.425≤peak1.516×(1-3%)
6,159992,创新药ETF,2020-07-24,2020-08-07,1.4258,1.5372,7.81,979845.0,14,牛,all,1.4347,1.3912,0.007268,1.1937,1.0312,6.19,牛,all,,Trail止损3%,价1.538≤peak1.613×(1-3%)
7,159992,创新药ETF,2020-08-07,2020-08-12,1.5388,1.4542,-5.5,-743904.0,5,牛,all,1.5688,1.499,0.010343,1.2715,1.0466,6.11,牛,all,,Trail止损3%,价1.455≤peak1.538×(1-3%)
8,512480,半导体ETF,2020-08-12,2020-08-14,0.5773,0.5797,0.41,52324.0,2,牛,all,0.597,0.5815,0.004621,0.5346,1.0267,12.58,牛,all,,★MA8动能转负,"MA6仍>MA15,MA8斜率-0.0028<0"
9,510050,上证50ETF,2020-08-19,2020-08-27,3.0497,3.0373,-0.4,-51957.0,8,牛,all,3.041,3.0256,0.00208,2.8296,1.0051,3.18,牛,all,,MA6死叉,MA6<MA15(MA8斜率0.0016仍正)
10,510880,红利ETF,2020-08-27,2020-08-28,1.9861,2.0169,1.55,198187.0,1,牛,all,2.0275,2.0063,0.002389,1.8552,1.0106,4.52,牛,all,,★MA8动能转负,"MA6仍>MA15,MA8斜率-0.0007<0"
11,159915,创业板ETF,2020-08-31,2020-09-07,2.6385,2.5476,-3.44,-446906.0,7,牛,all,2.5955,2.581,0.000383,2.4879,1.0056,5.62,牛,all,,Trail止损3%,价2.549≤peak2.676×(1-3%)
12,513100,纳指ETF,2020-09-07,2020-09-09,0.8975,0.8955,-0.22,-27733.0,2,牛,all,1.0063,0.9189,0.018736,0.8102,1.0951,16.94,牛,all,,Trail止损3%,价0.896≤peak0.945×(1-3%)
13,513100,纳指ETF,2020-09-09,2020-09-10,0.8965,0.9215,2.79,348694.0,1,牛,all,0.9848,0.9334,0.001967,0.8159,1.0551,17.04,牛,all,,★MA8动能转负,"MA6仍>MA15,MA8斜率-0.0023<0"
14,510050,上证50ETF,2020-09-22,2020-09-25,3.0207,2.9774,-1.43,-184234.0,3,牛,all,3.053,3.0443,0.002261,3.0186,1.0029,4.43,牛,all,,★MA8动能转负,"MA6仍>MA15,MA8斜率-0.0003<0"
15,513050,中概互联ETF,2020-10-15,2020-10-27,2.0711,2.1238,2.54,322304.0,12,牛,all,2.05,1.9914,0.010544,1.9885,1.0294,3.09,牛,all,,★MA8动能转负,"MA6仍>MA15,MA8斜率-0.0015<0"
16,513050,中概互联ETF,2020-10-30,2020-11-10,2.1452,2.1888,2.03,264131.0,11,牛,all,2.1313,2.1075,0.005744,2.0224,1.0113,4.03,牛,all,,Trail止损3%,价2.190≤peak2.270×(1-3%)
17,512480,半导体ETF,2020-11-10,2020-11-11,0.5653,0.5357,-5.24,-694165.0,1,牛,all,0.5323,0.5116,0.01301,0.5248,1.0405,3.91,牛,all,,Trail止损3%,价0.536≤peak0.565×(1-3%)
18,512480,半导体ETF,2020-11-11,2020-11-20,0.5363,0.5357,-0.11,-13809.0,9,牛,all,0.541,0.5148,0.016682,0.5244,1.0509,8.84,牛,all,,★MA8动能转负,"MA6仍>MA15,MA8斜率-0.0018<0"
19,513050,中概互联ETF,2020-11-30,2020-12-04,2.1172,2.1048,-0.58,-73024.0,4,牛,all,2.1312,2.1276,0.001446,2.0768,1.0017,7.96,牛,all,,★MA8动能转负,"MA6仍>MA15,MA8斜率-0.0010<0"
20,159995,芯片ETF,2020-12-04,2020-12-09,0.6243,0.6027,-3.47,-433047.0,5,牛,all,0.6102,0.6061,0.00357,0.5904,1.0068,4.73,牛,all,,Trail止损3%,价0.603≤peak0.624×(1-3%)
21,159995,芯片ETF,2020-12-09,2020-12-15,0.6033,0.6047,0.22,26655.0,6,牛,all,0.6213,0.6102,0.003793,0.591,1.0182,5.78,牛,all,,★MA8动能转负,"MA6仍>MA15,MA8斜率-0.0012<0"
22,518880,华安黄金ETF,2021-01-11,2021-01-13,3.7791,3.7949,0.42,50563.0,2,牛,def,3.8973,3.8637,0.001794,3.854,1.0087,4.11,牛,def,,★MA8动能转负,"MA6仍>MA15,MA8斜率-0.0008<0"
23,510050,上证50ETF,2021-01-14,2021-01-27,3.552,3.552,0.0,317.0,13,牛,def,3.5542,3.4049,0.00991,3.2276,1.0438,3.32,牛,def,,★MA8动能转负,"MA6仍>MA15,MA8斜率-0.0003<0"
24,513050,中概互联ETF,2021-01-27,2021-01-28,2.4183,2.3157,-4.24,-514153.0,1,牛,all,2.3683,2.2249,0.016896,2.1297,1.0645,3.17,牛,all,,Trail止损3%,价2.317≤peak2.417×(1-3%)
25,513050,中概互联ETF,2021-01-28,2021-02-23,2.3183,2.4546,5.88,682631.0,26,牛,all,2.3962,2.2443,0.015592,2.1338,1.0677,7.17,牛,all,,Trail止损3%,价2.456≤peak2.570×(1-3%)
26,512010,医药ETF,2021-02-23,2021-02-24,0.8034,0.7666,-4.59,-563746.0,1,牛,all,0.852,0.8211,0.004508,0.7494,1.0376,11.47,牛,all,,Trail止损3%,价0.767≤peak0.803×(1-3%)
27,510880,红利ETF,2021-02-24,2021-03-10,2.0081,2.0119,0.19,22120.0,14,牛,all,1.9818,1.9129,0.011938,1.9862,1.0361,4.47,牛,all,,Trail止损3%,价2.013≤peak2.082×(1-3%)
28,510880,红利ETF,2021-03-10,2021-03-24,2.0141,2.0399,1.28,150279.0,14,牛,all,2.049,2.0255,0.000619,1.968,1.0116,4.46,牛,all,,Trail止损3%,价2.041≤peak2.115×(1-3%)
29,512890,中证红利低波ETF,2021-03-24,2021-03-26,0.6974,0.7006,0.46,55114.0,2,牛,all,0.7113,0.7033,0.003918,0.6741,1.0114,3.06,牛,all,,★MA8动能转负,"MA6仍>MA15,MA8斜率-0.0014<0"
30,159819,人工智能ETF,2021-04-27,2021-05-06,0.9025,0.8795,-2.55,-304297.0,9,熊,all,0.9237,0.9049,0.005457,0.913,1.0208,3.53,熊,all,,★MA8动能转负,"MA6仍>MA15,MA8斜率-0.0028<0"
31,159992,创新药ETF,2021-05-06,2021-05-28,1.4718,1.5222,3.42,398443.0,22,熊,all,1.4888,1.4159,0.012993,1.392,1.0515,5.58,熊,all,,★MA8动能转负,"MA6仍>MA15,MA8斜率-0.0001<0"
32,513100,纳指ETF,2021-05-28,2021-06-07,0.8975,0.8995,0.22,26997.0,10,熊,all,0.8937,0.8888,0.003101,0.89,1.0055,3.76,熊,all,,★MA8动能转负,"MA6仍>MA15,MA8斜率-0.0004<0"
33,510050,上证50ETF,2021-06-07,2021-06-15,3.3428,3.2682,-2.23,-269529.0,8,熊,all,3.3693,3.3287,0.002561,3.2696,1.0122,3.3,熊,all,,趋势全空,MA6<MA15且MA8斜率-0.0021<0
34,512480,半导体ETF,2021-06-16,2021-07-02,0.5493,0.6416,16.81,1984115.0,16,熊,all,0.5623,0.542,0.005984,0.4912,1.0375,4.02,牛,all,,Trail止损3%,价0.642≤peak0.668×(1-3%)
35,512480,半导体ETF,2021-07-02,2021-07-13,0.6424,0.6566,2.22,306601.0,11,牛,all,0.6405,0.6073,0.011041,0.5264,1.0547,5.03,牛,all,,Trail止损3%,价0.657≤peak0.694×(1-3%)
36,512480,半导体ETF,2021-07-13,2021-07-16,0.6574,0.6436,-2.09,-294043.0,3,牛,all,0.6792,0.6526,0.007989,0.5485,1.0407,6.41,牛,all,,★MA8动能转负,"MA6仍>MA15,MA8斜率-0.0000<0"
37,159995,芯片ETF,2021-07-16,2021-07-20,0.7694,0.7866,2.23,307466.0,4,牛,all,0.7992,0.7827,0.001335,0.6689,1.021,7.9,牛,all,,趋势全空,MA6<MA15且MA8斜率-0.0019<0
38,512890,中证红利低波ETF,2021-07-21,2021-07-27,0.7474,0.7106,-4.92,-694587.0,6,牛,all,0.7467,0.7454,0.001259,0.7457,1.0017,5.92,牛,all,,Trail止损3%,价0.711≤peak0.751×(1-3%)
39,159819,人工智能ETF,2021-07-27,2021-07-28,1.0106,0.9915,-1.89,-253504.0,1,牛,all,1.028,1.0156,0.000732,0.9565,1.0122,3.81,牛,all,,★MA8动能转负,"MA6仍>MA15,MA8斜率-0.0002<0"
40,512480,半导体ETF,2021-07-28,2021-08-03,0.7074,0.6976,-1.38,-181785.0,6,牛,all,0.7012,0.6803,0.011754,0.5842,1.0307,9.82,牛,all,,Trail止损3%,价0.698≤peak0.771×(1-3%)
41,512480,半导体ETF,2021-08-03,2021-08-10,0.6984,0.6916,-0.97,-125690.0,7,牛,all,0.7388,0.6963,0.016741,0.6009,1.0611,10.97,熊,all,,★MA8动能转负,"MA6仍>MA15,MA8斜率-0.0008<0"
42,159995,芯片ETF,2021-08-10,2021-08-17,0.8555,0.7956,-7.0,-899935.0,7,熊,all,0.88,0.8621,0.0046,0.7422,1.0208,8.26,熊,all,,Trail止损6%,价0.796≤peak0.864×(1-6%)
43,512890,中证红利低波ETF,2021-08-19,2021-09-27,0.7414,0.8185,10.4,1243467.0,39,熊,def,0.7497,0.7274,0.006727,0.7448,1.0306,3.01,熊,def,,Trail止损6%,价0.819≤peak0.887×(1-6%)
44,510050,上证50ETF,2021-11-22,2021-11-29,2.9976,2.9694,-0.94,-124485.0,7,熊,def,2.9972,2.9931,4e-06,2.9892,1.0013,3.94,熊,def,,★MA8动能转负,"MA6仍>MA15,MA8斜率-0.0005<0"
45,510050,上证50ETF,2021-12-15,2021-12-22,3.0947,3.0313,-2.05,-267628.0,7,牛,def,3.113,3.0371,0.00694,3.0147,1.025,3.58,牛,def,,★MA8动能转负,"MA6仍>MA15,MA8斜率-0.0019<0"
46,515050,5G通信ETF,2021-12-29,2022-01-05,0.4132,0.4098,-0.84,-106967.0,7,牛,all,0.4192,0.4159,0.000842,0.3916,1.0078,3.5,牛,all,,Trail止损3%,价0.410≤peak0.426×(1-3%)
47,515050,5G通信ETF,2022-01-05,2022-01-07,0.4102,0.4028,-1.82,-230467.0,2,牛,all,0.4205,0.4177,0.004361,0.3954,1.0068,4.21,牛,all,,★MA8动能转负,"MA6仍>MA15,MA8斜率-0.0024<0"
48,159819,人工智能ETF,2022-01-07,2022-01-10,0.9845,0.9935,0.91,112832.0,3,牛,all,1.0153,1.0097,0.000567,0.9858,1.0055,4.93,牛,all,,★MA8动能转负,"MA6仍>MA15,MA8斜率-0.0008<0"
49,512890,中证红利低波ETF,2022-01-14,2022-01-24,0.8104,0.8215,1.37,172303.0,10,牛,all,0.8277,0.8093,0.006133,0.7778,1.0227,3.46,熊,all,,★MA8动能转负,"MA6仍>MA15,MA8斜率-0.0000<0"
50,159819,人工智能ETF,2022-01-24,2022-01-27,1.0146,0.9305,-8.29,-1056504.0,3,熊,all,1.0235,1.0085,0.00503,0.999,1.0149,4.88,熊,all,,Trail止损6%,价0.931≤peak1.014×(1-6%)
51,159937,博时黄金ETF,2022-01-27,2022-02-07,3.608,3.618,0.28,32493.0,11,熊,def,3.6622,3.641,0.000657,3.6313,1.0058,10.07,熊,def,,★MA8动能转负,"MA6仍>MA15,MA8斜率-0.0004<0"
52,510880,红利ETF,2022-02-14,2022-03-02,2.3243,2.3817,2.47,289641.0,16,熊,def,2.304,2.2837,0.00461,2.2397,1.0089,3.25,熊,def,,MA6死叉,MA6<MA15(MA8斜率0.0003仍正)
53,510880,红利ETF,2022-03-08,2022-03-15,2.3063,2.1158,-8.26,-992144.0,7,熊,def,2.3778,2.3585,0.001269,2.2867,1.0082,5.3,熊,def,,Trail止损6%,价2.117≤peak2.314×(1-6%)
54,518800,黄金ETF,2022-03-15,2022-03-22,4.0302,4.0558,0.63,69892.0,7,熊,def,4.163,4.0669,0.004027,3.8842,1.0236,5.89,熊,def,,趋势全空,MA6<MA15且MA8斜率-0.0051<0
55,510880,红利ETF,2022-03-25,2022-04-19,2.3483,2.4806,5.64,625193.0,25,熊,def,2.3008,2.2887,0.002542,2.2959,1.0053,3.57,熊,def,,★MA8动能转负,"MA6仍>MA15,MA8斜率-0.0001<0"
56,512890,中证红利低波ETF,2022-05-17,2022-05-27,0.8365,0.8445,0.97,113134.0,10,熊,def,0.8275,0.8209,0.002391,0.8244,1.008,3.69,熊,def,,★MA8动能转负,"MA6仍>MA15,MA8斜率-0.0006<0"
57,510880,红利ETF,2022-06-16,2022-06-23,2.3613,2.3237,-1.59,-188284.0,7,熊,def,2.3933,2.3602,0.002763,2.3515,1.014,3.56,熊,def,,趋势全空,MA6<MA15且MA8斜率-0.0037<0
58,510050,上证50ETF,2022-07-06,2022-07-11,2.8015,2.7485,-1.89,-220489.0,5,牛,def,2.8413,2.7707,0.006273,2.623,1.0255,3.11,牛,def,,★MA8动能转负,"MA6仍>MA15,MA8斜率-0.0003<0"
59,510880,红利ETF,2022-07-11,2022-07-12,2.3543,2.3747,0.87,98975.0,1,牛,def,2.4003,2.371,0.001151,2.3475,1.0124,3.96,牛,def,,★MA8动能转负,"MA6仍>MA15,MA8斜率-0.0002<0"
60,512890,中证红利低波ETF,2022-09-16,2022-09-23,0.8615,0.8515,-1.15,-132972.0,7,熊,def,0.8862,0.8674,0.004741,0.8353,1.0216,3.91,熊,def,,趋势全空,MA6<MA15且MA8斜率-0.0037<0
61,510880,红利ETF,2022-10-20,2022-10-27,2.3803,2.3077,-3.05,-347260.0,7,熊,def,2.4123,2.4106,0.000964,2.4,1.0007,6.78,熊,def,,趋势全空,MA6<MA15且MA8斜率-0.0052<0
62,510880,红利ETF,2022-12-02,2022-12-13,2.4193,2.4167,-0.11,-12139.0,11,熊,def,2.4247,2.3762,0.007079,2.3863,1.0204,3.63,熊,def,,★MA8动能转负,"MA6仍>MA15,MA8斜率-0.0001<0"
63,512890,中证红利低波ETF,2023-01-06,2023-03-15,0.8275,0.8925,7.86,867131.0,68,熊,def,0.8208,0.8205,0.001755,0.8249,1.0004,4.28,牛,def,,★MA8动能转负,"MA6仍>MA15,MA8斜率-0.0004<0"
64,512480,半导体ETF,2023-03-15,2023-03-28,0.4532,0.4657,2.76,327949.0,13,牛,all,0.4407,0.438,0.003,0.4356,1.0061,3.21,牛,all,,Trail止损3%,价0.466≤peak0.490×(1-3%)
65,515880,通信ETF,2023-03-28,2023-04-10,0.1761,0.1879,6.7,819137.0,13,牛,all,0.1752,0.1657,0.015087,0.1525,1.0569,3.83,牛,all,,Trail止损3%,价0.188≤peak0.195×(1-3%)
66,588200,科创芯片ETF,2023-04-10,2023-04-13,0.4813,0.4687,-2.6,-339397.0,3,牛,all,0.4683,0.4417,0.015454,0.3911,1.0602,5.31,牛,all,,Trail止损3%,价0.469≤peak0.484×(1-3%)
67,588200,科创芯片ETF,2023-04-13,2023-04-21,0.4693,0.4867,3.72,473082.0,8,牛,all,0.4848,0.4546,0.013705,0.3975,1.0665,8.22,牛,all,,Trail止损3%,价0.487≤peak0.516×(1-3%)
68,588200,科创芯片ETF,2023-04-21,2023-04-25,0.4873,0.4677,-4.01,-528029.0,4,牛,all,0.4923,0.4803,0.00115,0.411,1.0251,5.8,牛,all,,Trail止损3%,价0.468≤peak0.487×(1-3%)
69,588200,科创芯片ETF,2023-04-25,2023-04-26,0.4683,0.4498,-3.95,-499885.0,1,牛,all,0.4915,0.4859,0.003142,0.4145,1.0115,9.48,牛,all,,Trail止损3%,价0.450≤peak0.468×(1-3%)
70,510880,红利ETF,2023-05-10,2023-05-18,2.7285,2.6935,-1.28,-155768.0,8,熊,all,2.7223,2.6398,0.009974,2.5157,1.0313,4.95,熊,all,,★MA8动能转负,"MA6仍>MA15,MA8斜率-0.0009<0"
71,512890,中证红利低波ETF,2023-06-08,2023-06-19,0.9465,0.9175,-3.07,-367789.0,11,熊,def,0.9313,0.9298,0.003104,0.9236,1.0016,4.54,熊,def,,★MA8动能转负,"MA6仍>MA15,MA8斜率-0.0001<0"
72,510050,上证50ETF,2023-08-02,2023-08-14,2.5254,2.4467,-3.12,-362464.0,12,熊,def,2.5162,2.4538,0.007248,2.4208,1.0254,3.26,牛,def,,Trail止损3%,价2.448≤peak2.551×(1-3%)
73,510880,红利ETF,2023-08-30,2023-09-11,2.6124,2.6176,0.2,22090.0,12,熊,def,2.6158,2.6117,0.000737,2.5851,1.0016,5.12,熊,def,,★MA8动能转负,"MA6仍>MA15,MA8斜率-0.0007<0"
74,510050,上证50ETF,2023-09-12,2023-09-19,2.4363,2.4337,-0.11,-12407.0,7,牛,def,2.452,2.4243,0.00024,2.4359,1.0114,3.98,熊,def,,趋势全空,MA6<MA15且MA8斜率-0.0021<0
75,159937,博时黄金ETF,2023-09-27,2023-10-09,4.5075,4.3976,-2.44,-274852.0,12,熊,def,4.568,4.5471,0.000291,4.4531,1.0046,3.16,熊,def,,趋势全空,MA6<MA15且MA8斜率-0.0014<0
76,518800,黄金ETF,2023-12-05,2023-12-13,4.8016,4.7414,-1.25,-138001.0,8,熊,def,4.8083,4.7744,0.002563,4.7591,1.0071,3.79,熊,def,,★MA8动能转负,"MA6仍>MA15,MA8斜率-0.0006<0"
77,510880,红利ETF,2024-01-11,2024-01-18,2.5804,2.5546,-1.0,-108687.0,7,熊,def,2.6113,2.5591,0.004899,2.5657,1.0204,3.44,熊,def,,★MA8动能转负,"MA6仍>MA15,MA8斜率-0.0005<0"
78,512890,中证红利低波ETF,2024-02-01,2024-03-06,0.9465,1.0174,7.49,805583.0,34,熊,def,0.9557,0.9381,0.004551,0.9259,1.0187,3.47,熊,def,,★MA8动能转负,"MA6仍>MA15,MA8斜率-0.0001<0"
79,510880,红利ETF,2024-03-12,2024-03-15,2.8025,2.7845,-0.64,-74529.0,3,熊,def,2.875,2.8489,0.003546,2.6547,1.0091,3.75,牛,def,,★MA8动能转负,"MA6仍>MA15,MA8斜率-0.0018<0"
80,510880,红利ETF,2024-04-22,2024-04-26,2.9376,2.8774,-2.05,-235305.0,4,牛,def,2.9665,2.8797,0.006902,2.7753,1.0302,3.42,牛,def,,★MA8动能转负,"MA6仍>MA15,MA8斜率-0.0003<0"
81,513050,中概互联ETF,2024-04-30,2024-05-23,1.0106,1.0954,8.4,944276.0,23,牛,all,0.989,0.9541,0.012616,0.9141,1.0365,3.07,牛,all,,Trail止损3%,价1.096≤peak1.149×(1-3%)
82,513050,中概互联ETF,2024-05-23,2024-05-28,1.0966,1.0964,-0.02,-2292.0,5,牛,all,1.1288,1.0906,0.006855,0.9662,1.0351,5.52,牛,all,,★MA8动能转负,"MA6仍>MA15,MA8斜率-0.0024<0"
83,515050,5G通信ETF,2024-05-28,2024-05-29,0.3072,0.3048,-0.76,-92723.0,1,牛,all,0.3163,0.3148,0.000356,0.3099,1.0049,5.83,牛,all,,★MA8动能转负,"MA6仍>MA15,MA8斜率-0.0008<0"
84,515050,5G通信ETF,2024-06-11,2024-06-24,0.3142,0.3328,5.93,717856.0,13,牛,all,0.3138,0.3134,0.002043,0.3107,1.0014,3.09,牛,all,,Trail止损3%,价0.333≤peak0.349×(1-3%)
85,159509,纳指科技ETF,2024-06-24,2024-06-25,1.6759,1.6181,-3.45,-442041.0,1,牛,all,1.6985,1.5957,0.011414,1.4203,1.0644,5.53,牛,all,,Trail止损3%,价1.619≤peak1.675×(1-3%)
86,159509,纳指科技ETF,2024-06-25,2024-07-02,1.6199,1.6961,4.7,581819.0,7,牛,all,1.7015,1.6109,0.009216,1.4258,1.0563,8.69,熊,all,,★MA8动能转负,"MA6仍>MA15,MA8斜率-0.0002<0"
87,510880,红利ETF,2024-07-10,2024-07-17,2.8836,2.8824,-0.04,-5262.0,7,熊,all,2.9505,2.9248,0.001801,2.9348,1.0088,3.77,熊,all,,趋势全空,MA6<MA15且MA8斜率-0.0031<0
88,515050,5G通信ETF,2024-07-17,2024-07-24,0.3452,0.3238,-6.19,-801568.0,7,熊,all,0.3518,0.3412,0.006022,0.3226,1.0312,4.17,熊,all,,Trail止损6%,价0.324≤peak0.345×(1-6%)
89,588890,科创AIETF,2024-07-24,2024-07-31,1.0826,1.1434,5.61,681942.0,7,熊,all,1.126,1.0801,0.008452,1.0569,1.0425,6.88,熊,all,,趋势全空,MA6<MA15且MA8斜率-0.0051<0
90,159992,创新药ETF,2024-08-09,2024-08-16,0.6313,0.6317,0.05,6205.0,7,熊,all,0.6395,0.6279,0.006196,0.6409,1.0184,3.66,熊,all,,★MA8动能转负,"MA6仍>MA15,MA8斜率-0.0017<0"
91,513100,纳指ETF,2024-08-19,2024-08-30,1.4428,1.4162,-1.84,-236397.0,11,熊,all,1.3997,1.3873,0.009071,1.4344,1.0089,3.09,熊,all,,★MA8动能转负,"MA6仍>MA15,MA8斜率-0.0013<0"
92,159915,创业板ETF,2024-10-09,2024-10-11,2.2432,2.0589,-8.22,-1035495.0,2,熊,all,1.9422,1.6848,0.050757,1.6105,1.1528,16.28,熊,all,,Trail止损6%,价2.060≤peak2.242×(1-6%)
93,510050,上证50ETF,2024-10-11,2024-10-17,2.6605,2.5756,-3.19,-368929.0,6,熊,def,2.6723,2.3948,0.025626,2.321,1.1159,13.25,牛,def,,Trail止损3%,价2.577≤peak2.692×(1-3%)
94,588200,科创芯片ETF,2024-10-17,2024-10-23,0.4082,0.4597,12.62,1412903.0,6,牛,all,0.4328,0.3679,0.031051,0.3248,1.1764,22.87,牛,all,,Trail止损3%,价0.460≤peak0.478×(1-3%)
95,512480,半导体ETF,2024-10-23,2024-11-01,0.4883,0.4717,-3.39,-426771.0,9,牛,all,0.4673,0.4331,0.008929,0.3627,1.079,8.27,牛,all,,Trail止损3%,价0.472≤peak0.493×(1-3%)
96,159995,芯片ETF,2024-11-01,2024-11-04,0.5723,0.5807,1.46,178055.0,3,牛,all,0.5883,0.5706,0.003544,0.4564,1.0311,10.2,牛,all,,★MA8动能转负,"MA6仍>MA15,MA8斜率-0.0023<0"
97,513100,纳指ETF,2024-11-04,2024-11-05,1.4438,1.4372,-0.46,-56364.0,1,牛,all,1.4638,1.4617,0.000137,1.4242,1.0015,3.02,牛,all,,★MA8动能转负,"MA6仍>MA15,MA8斜率-0.0012<0"
98,515880,通信ETF,2024-11-06,2024-11-14,0.2361,0.2409,2.01,246835.0,8,牛,all,0.2322,0.2293,0.00043,0.1925,1.0124,4.45,牛,all,,Trail止损3%,价0.241≤peak0.252×(1-3%)
99,159995,芯片ETF,2024-11-14,2024-11-15,0.6394,0.6107,-4.49,-563087.0,1,牛,all,0.6485,0.6123,0.016312,0.486,1.0592,6.03,牛,all,,Trail止损3%,价0.611≤peak0.639×(1-3%)
100,588890,科创AIETF,2024-11-15,2024-11-20,1.6009,1.6261,1.58,188869.0,5,牛,all,1.7095,1.6121,0.01492,1.2711,1.0604,9.96,牛,all,,★MA8动能转负,"MA6仍>MA15,MA8斜率-0.0019<0"
101,518880,华安黄金ETF,2024-11-26,2024-12-05,5.8472,5.9237,1.31,159344.0,9,牛,all,5.8887,5.8641,0.00269,5.7671,1.0042,4.91,牛,all,,★MA8动能转负,"MA6仍>MA15,MA8斜率-0.0004<0"
102,588890,科创AIETF,2024-12-05,2024-12-13,1.6329,1.6191,-0.84,-104156.0,8,牛,all,1.6337,1.6156,0.001604,1.4077,1.0112,8.16,牛,all,,★MA8动能转负,"MA6仍>MA15,MA8斜率-0.0002<0"
103,513180,恒生科技ETF,2024-12-13,2024-12-23,0.6183,0.6137,-0.76,-92520.0,10,牛,all,0.6193,0.6037,0.006921,0.5925,1.026,6.65,牛,all,,趋势全空,MA6<MA15且MA8斜率-0.0004<0
104,515050,5G通信ETF,2024-12-23,2024-12-31,0.3832,0.3798,-0.89,-108314.0,8,牛,all,0.3777,0.372,0.005968,0.3706,1.0152,3.04,牛,all,,Trail止损3%,价0.380≤peak0.404×(1-3%)
105,159995,芯片ETF,2024-12-31,2025-01-02,0.6133,0.5847,-4.67,-562093.0,2,牛,all,0.6323,0.6122,0.010358,0.599,1.0329,6.13,牛,all,,Trail止损3%,价0.585≤peak0.613×(1-3%)
106,159995,芯片ETF,2025-01-02,2025-01-06,0.5853,0.5707,-2.5,-286740.0,4,牛,all,0.6312,0.613,0.006913,0.6003,1.0296,10.41,牛,all,,★MA8动能转负,"MA6仍>MA15,MA8斜率-0.0059<0"
107,510880,红利ETF,2025-01-06,2025-01-07,2.9646,2.9474,-0.58,-65062.0,1,牛,all,3.0268,3.0211,0.000607,2.9587,1.0019,4.51,牛,all,,趋势全空,MA6<MA15且MA8斜率-0.0011<0
108,159509,纳指科技ETF,2025-01-09,2025-01-13,1.6369,1.5841,-3.22,-358353.0,4,牛,all,1.6388,1.6339,0.000887,1.5687,1.003,3.99,牛,all,,Trail止损3%,价1.585≤peak1.636×(1-3%)
109,159509,纳指科技ETF,2025-01-13,2025-01-14,1.5859,1.6101,1.53,164439.0,1,牛,all,1.6422,1.6331,5.3e-05,1.5703,1.0055,6.98,牛,all,,★MA8动能转负,"MA6仍>MA15,MA8斜率-0.0003<0"
110,512480,半导体ETF,2025-01-20,2025-03-03,0.5053,0.5467,8.2,895334.0,42,熊,all,0.4973,0.4957,0.006485,0.5032,1.0034,7.17,熊,all,,Trail止损6%,价0.547≤peak0.586×(1-6%)
111,588890,科创AIETF,2025-03-03,2025-03-12,1.792,1.879,4.85,573586.0,9,熊,all,1.8818,1.7819,0.01356,1.6739,1.0561,8.34,牛,all,,★MA8动能转负,"MA6仍>MA15,MA8斜率-0.0018<0"
112,513050,中概互联ETF,2025-03-12,2025-03-20,1.4938,1.5302,2.43,301399.0,8,牛,all,1.5168,1.4897,0.003077,1.2771,1.0182,7.32,牛,all,,Trail止损3%,价1.531≤peak1.595×(1-3%)
113,513050,中概互联ETF,2025-03-20,2025-03-25,1.5318,1.4712,-3.96,-502527.0,5,牛,all,1.5387,1.5129,0.002691,1.3112,1.0171,4.97,牛,all,,Trail止损3%,价1.472≤peak1.531×(1-3%)
114,513050,中概互联ETF,2025-03-25,2025-03-27,1.4728,1.4912,1.25,152035.0,2,牛,all,1.545,1.5251,0.000505,1.3278,1.013,8.63,牛,all,,趋势全空,MA6<MA15且MA8斜率-0.0011<0
115,159992,创新药ETF,2025-04-07,2025-04-14,0.6864,0.7206,4.99,615410.0,7,熊,all,0.7545,0.7389,0.006635,0.7055,1.0212,11.71,熊,all,,趋势全空,MA6<MA15且MA8斜率-0.0071<0
116,588200,科创芯片ETF,2025-04-18,2025-04-28,0.5183,0.5137,-0.88,-114188.0,10,熊,all,0.5152,0.5073,0.005117,0.5204,1.0156,4.78,熊,all,,★MA8动能转负,"MA6仍>MA15,MA8斜率-0.0005<0"
117,159937,博时黄金ETF,2025-04-28,2025-05-06,7.4601,7.5928,1.78,228482.0,8,熊,all,7.6382,7.3762,0.0038,6.7959,1.0355,6.92,熊,all,,★MA8动能转负,"MA6仍>MA15,MA8斜率-0.0011<0"
118,159992,创新药ETF,2025-05-06,2025-06-19,0.7394,0.7746,4.76,621688.0,44,熊,all,0.7255,0.7189,0.003103,0.7183,1.0091,4.52,熊,all,,Trail止损6%,价0.775≤peak0.837×(1-6%)
119,515880,通信ETF,2025-06-20,2025-09-02,0.2241,0.4248,89.52,12258397.0,74,熊,all,0.2247,0.2178,0.004821,0.2047,1.0315,4.68,牛,all,,Trail止损3%,价0.425≤peak0.451×(1-3%)
120,515880,通信ETF,2025-09-02,2025-09-04,0.4252,0.3928,-7.63,-1980365.0,2,牛,all,0.4102,0.367,0.026812,0.2827,1.1176,7.21,牛,all,,Trail止损3%,价0.393≤peak0.433×(1-3%)
121,515880,通信ETF,2025-09-04,2025-09-08,0.3932,0.3988,1.42,339213.0,4,牛,all,0.4252,0.3815,0.024224,0.2897,1.1144,14.75,牛,all,,Trail止损3%,价0.399≤peak0.420×(1-3%)
122,515880,通信ETF,2025-09-08,2025-09-11,0.3992,0.4498,12.66,3077173.0,3,牛,all,0.4247,0.3926,0.010404,0.2959,1.0817,13.45,牛,all,,★MA8动能转负,"MA6仍>MA15,MA8斜率-0.0049<0"
123,159992,创新药ETF,2025-09-11,2025-09-15,0.9785,0.9835,0.5,137726.0,4,牛,all,0.99,0.9695,0.007219,0.8898,1.0212,4.86,牛,all,,★MA8动能转负,"MA6仍>MA15,MA8斜率-0.0005<0"
124,159301,自由现金流ETF,2025-09-15,2025-09-22,0.9595,0.9295,-3.13,-861700.0,7,牛,all,0.9567,0.9492,0.001798,0.9377,1.0079,7.43,牛,all,,Trail止损3%,价0.930≤peak0.959×(1-3%)
125,588890,科创AIETF,2025-09-22,2025-10-10,2.6605,2.7755,4.32,1152642.0,18,牛,all,2.5105,2.3869,0.016986,2.0045,1.0518,6.57,牛,all,,Trail止损3%,价2.777≤peak2.972×(1-3%)
126,588170,科创半导体ETF,2025-10-10,2025-10-14,0.5013,0.4847,-3.3,-917940.0,4,牛,all,0.5013,0.4526,0.020667,0.39,1.1077,7.73,牛,all,,Trail止损3%,价0.485≤peak0.520×(1-3%)
127,588170,科创半导体ETF,2025-10-14,2025-10-17,0.4853,0.4547,-6.29,-1691541.0,3,牛,all,0.5072,0.4674,0.017771,0.3957,1.0851,10.68,牛,all,,Trail止损3%,价0.455≤peak0.485×(1-3%)
128,513100,纳指ETF,2025-10-17,2025-11-04,1.808,1.9389,7.24,1825516.0,18,牛,all,1.8355,1.8024,0.00296,1.7183,1.0184,3.11,牛,all,,Trail止损3%,价1.940≤peak2.000×(1-3%)
129,515880,通信ETF,2025-11-04,2025-11-07,0.4512,0.4547,0.78,209770.0,3,牛,all,0.4758,0.4483,0.005671,0.4073,1.0613,9.98,牛,all,,★MA8动能转负,"MA6仍>MA15,MA8斜率-0.0025<0"
130,513100,纳指ETF,2025-11-07,2025-11-10,1.9251,1.9499,1.29,351922.0,3,牛,all,1.9573,1.9245,0.00121,1.782,1.017,3.85,牛,all,,★MA8动能转负,"MA6仍>MA15,MA8斜率-0.0007<0"
131,518800,黄金ETF,2025-11-13,2025-11-17,9.6213,9.3049,-3.29,-907458.0,4,牛,all,9.3098,9.2559,0.004122,8.6514,1.0058,4.35,牛,all,,Trail止损3%,价9.310≤peak9.616×(1-3%)
132,518800,黄金ETF,2025-11-17,2025-11-24,9.3151,9.2849,-0.32,-86604.0,7,牛,all,9.452,9.2787,0.004621,8.7114,1.0187,6.67,牛,all,,★MA8动能转负,"MA6仍>MA15,MA8斜率-0.0005<0"
133,159819,人工智能ETF,2025-12-02,2025-12-15,1.4608,1.4772,1.12,298337.0,13,牛,all,1.422,1.4163,0.002877,1.4578,1.004,3.38,牛,all,,Trail止损3%,价1.478≤peak1.527×(1-3%)
134,515880,通信ETF,2025-12-15,2025-12-23,0.4843,0.5117,5.67,1524801.0,8,牛,all,0.4927,0.4631,0.01095,0.4487,1.0638,5.47,牛,all,,★MA8动能转负,"MA6仍>MA15,MA8斜率-0.0013<0"
135,515880,通信ETF,2025-12-26,2026-01-13,0.5173,0.5197,0.47,133500.0,18,牛,all,0.5083,0.4972,0.007242,0.4573,1.0224,3.0,牛,all,,Trail止损3%,价0.520≤peak0.540×(1-3%)
136,588170,科创半导体ETF,2026-01-13,2026-01-22,0.5613,0.6177,10.04,2866860.0,9,牛,all,0.5665,0.5294,0.01653,0.487,1.0701,5.24,牛,all,,Trail止损3%,价0.618≤peak0.639×(1-3%)
137,588170,科创半导体ETF,2026-01-22,2026-01-26,0.6183,0.6037,-2.37,-745616.0,4,牛,all,0.616,0.5774,0.00932,0.5032,1.0669,4.33,牛,all,,Trail止损3%,价0.604≤peak0.627×(1-3%)
138,588170,科创半导体ETF,2026-01-26,2026-01-29,0.6043,0.6027,-0.28,-84462.0,3,牛,all,0.6277,0.5934,0.009897,0.5073,1.0577,6.5,牛,all,,Trail止损3%,价0.603≤peak0.631×(1-3%)
139,588200,科创芯片ETF,2026-01-29,2026-02-02,0.9115,0.8735,-4.17,-1274798.0,4,牛,all,0.9317,0.8988,0.006925,0.7992,1.0366,4.91,牛,all,,Trail止损3%,价0.874≤peak0.922×(1-3%)
140,518880,华安黄金ETF,2026-02-02,2026-02-05,9.9134,10.5172,6.09,1785585.0,3,牛,all,11.1113,10.446,0.016756,9.5075,1.0637,17.27,牛,all,,Trail止损3%,价10.523≤peak10.867×(1-3%)
141,515880,通信ETF,2026-02-05,2026-02-09,0.5133,0.5377,4.76,1479922.0,4,牛,all,0.5333,0.5282,0.002141,0.4919,1.0097,7.9,牛,all,,★MA8动能转负,"MA6仍>MA15,MA8斜率-0.0021<0"
142,588220,科创100ETF,2026-02-26,2026-03-03,1.5729,1.4732,-6.34,-2064896.0,5,牛,all,1.5447,1.5425,0.001422,1.4351,1.0014,4.15,牛,all,,Trail止损3%,价1.474≤peak1.574×(1-3%)
143,588170,科创半导体ETF,2026-03-03,2026-03-05,0.5743,0.5757,0.24,72668.0,2,牛,all,0.6132,0.5957,0.006924,0.55,1.0294,10.45,牛,all,,★MA8动能转负,"MA6仍>MA15,MA8斜率-0.0012<0"
144,515050,5G通信ETF,2026-03-05,2026-03-10,0.7994,0.8136,1.77,540046.0,5,牛,all,0.8028,0.785,0.002866,0.7648,1.0227,3.5,牛,all,,★MA8动能转负,"MA6仍>MA15,MA8斜率0.0000<0"
145,510880,红利ETF,2026-03-10,2026-03-23,3.2718,3.2322,-1.21,-376583.0,13,牛,all,3.3098,3.2313,0.004516,3.104,1.0243,3.94,牛,all,,Trail止损3%,价3.234≤peak3.381×(1-3%)
146,159915,创业板ETF,2026-03-23,2026-03-25,3.2298,3.3052,2.33,718040.0,2,牛,all,3.3173,3.2744,0.003322,3.2749,1.0131,5.53,牛,all,,★MA8动能转负,"MA6仍>MA15,MA8斜率-0.0019<0"
147,515880,通信ETF,2026-04-02,2026-04-28,0.5413,0.6636,22.6,7113151.0,26,牛,all,0.541,0.5352,0.001702,0.532,1.0108,4.59,熊,all,,Trail止损6%,价0.664≤peak0.707×(1-6%)
148,515050,5G通信ETF,2026-04-28,2026-05-15,0.9875,1.1074,12.14,4682808.0,17,熊,all,1.0007,0.932,0.012917,0.8255,1.0737,7.32,牛,all,,Trail止损3%,价1.108≤peak1.156×(1-3%)
149,588200,科创芯片ETF,2026-05-15,2026-05-21,1.1416,1.1893,4.18,1808567.0,6,牛,all,1.14,1.0361,0.02251,0.8913,1.1003,5.78,牛,all,,Trail止损3%,价1.190≤peak1.255×(1-3%)
150,588170,科创半导体ETF,2026-05-21,2026-05-27,0.8455,0.8545,1.07,483318.0,6,牛,all,0.8183,0.7289,0.028401,0.6054,1.1226,6.84,牛,all,,Trail止损3%,价0.855≤peak0.906×(1-3%)
151,588170,科创半导体ETF,2026-05-27,2026-05-29,0.8555,0.8156,-4.67,-2126023.0,2,牛,all,0.8755,0.7916,0.018293,0.6236,1.106,8.36,牛,all,,Trail止损3%,价0.816≤peak0.869×(1-3%)
152,159995,芯片ETF,2026-05-29,2026-06-01,1.2467,1.1784,-5.48,-2380769.0,3,牛,all,1.31,1.2292,0.015963,0.99,1.0657,10.17,牛,all,,Trail止损3%,价1.179≤peak1.246×(1-3%)
153,159995,芯片ETF,2026-06-01,2026-06-03,1.1796,1.2413,5.23,2146186.0,2,牛,all,1.3112,1.2398,0.011127,0.9947,1.0576,15.0,牛,all,,★MA8动能转负,"MA6仍>MA15,MA8斜率-0.0040<0"
154,513100,纳指ETF,2026-06-03,2026-06-05,2.3003,2.2038,-4.19,-1811899.0,2,牛,all,2.2672,2.1701,0.014605,1.9184,1.0447,3.65,牛,all,,Trail止损3%,价2.205≤peak2.299×(1-3%)
155,515880,通信ETF,2026-06-05,2026-06-08,0.8325,0.8006,-3.83,-1585924.0,3,牛,all,0.8168,0.7815,0.014476,0.6533,1.0452,6.31,牛,all,,Trail止损3%,价0.801≤peak0.832×(1-3%)
156,515880,通信ETF,2026-06-08,2026-06-10,0.8014,0.8146,1.64,651151.0,2,牛,all,0.8205,0.787,0.01201,0.6584,1.0426,9.8,牛,all,,Trail止损3%,价0.815≤peak0.848×(1-3%)
157,515880,通信ETF,2026-06-10,2026-06-16,0.8154,0.8645,6.02,2434616.0,6,牛,all,0.8352,0.7959,0.006269,0.6675,1.0493,8.22,牛,all,,★MA8动能转负,"MA6仍>MA15,MA8斜率-0.0005<0"
158,515050,5G通信ETF,2026-06-23,2026-06-26,1.3427,1.3583,1.16,495546.0,3,牛,all,1.3108,1.2577,0.01496,1.0551,1.0422,5.43,牛,all,,Trail止损3%,价1.359≤peak1.439×(1-3%)
159,515050,5G通信ETF,2026-06-26,2026-07-01,1.3597,1.3333,-1.95,-844902.0,5,牛,all,1.3818,1.2923,0.018146,1.0849,1.0693,5.56,牛,all,,Trail止损3%,价1.334≤peak1.397×(1-3%)
160,159782,科创50ETF,2026-07-01,2026-07-02,1.4268,1.3233,-7.25,-3086177.0,1,牛,all,1.4108,1.3413,0.010776,1.1812,1.0518,3.32,牛,all,,Trail止损3%,价1.324≤peak1.426×(1-3%)
161,588170,科创半导体ETF,2026-07-02,2026-07-03,1.2357,1.1923,-3.51,-1383612.0,1,牛,all,1.2648,1.0895,0.037001,0.8012,1.161,15.7,牛,all,,Trail止损3%,价1.193≤peak1.235×(1-3%)
162,588170,科创半导体ETF,2026-07-03,2026-07-10,1.1937,1.2913,8.18,3113805.0,7,牛,all,1.2823,1.1142,0.029892,0.813,1.1509,18.57,牛,all,,Trail止损3%,价1.292≤peak1.397×(1-3%)
163,589720,半导体设备ETF,2026-07-10,2026-07-16,0.9515,0.9815,3.15,1295699.0,6,牛,all,0.9413,0.8781,0.009521,0.869,1.0721,8.29,牛,all,,★MA8动能转负,"MA6仍>MA15,MA8斜率-0.0003<0"
164,510050,上证50ETF,2026-07-16,2026-07-20,3.0057,3.0053,-0.01,-4325.0,4,牛,all,3.048,3.0447,0.000633,3.0233,1.0011,3.87,牛,all,,趋势全空,MA6<MA15且MA8斜率-0.0012<0
165,159992,创新药ETF,2026-07-20,2026-07-24,0.8705,0.8385,-3.67,-1558484.0,4,牛,all,0.8742,0.85,0.004967,0.796,1.0284,6.75,牛,all,,Trail止损3%,价0.839≤peak0.880×(1-3%)
166,512010,医药ETF,2026-07-24,2026-07-29,0.3652,0.3728,2.08,850817.0,5,牛,all,0.3747,0.3671,0.005578,0.3508,1.0207,5.44,牛,all,,★MA8动能转负,"MA6仍>MA15,MA8斜率-0.0029<0"
