序号,代码,名称,买入日,卖出日,买价,卖价,收益率%,盈亏金额,持仓天数,买入牛熊,买入池,峰值价,退出类型,触发详情
1,512010,医药ETF,2020-04-03,2020-05-29,0.4953,0.5397,8.97,897098.0,56,熊,all,0.552,趋势全空,MA5<MA15且MA8斜率-0.0001<0
2,513100,纳指ETF,2020-05-29,2020-06-16,0.7464,0.7606,1.9,206889.0,18,熊,all,0.761,趋势全空,MA5<MA15且MA8斜率-0.0008<0
3,513050,中概互联ETF,2020-06-16,2020-07-15,1.7059,1.9349,13.42,1490550.0,29,熊,all,2.037,Trail止损3%,价1.936≤peak2.037×(1-3%)
4,159995,芯片ETF,2020-07-15,2020-07-16,0.7084,0.6436,-9.14,-1151084.0,1,牛,all,0.708,Trail止损3%,价0.644≤peak0.708×(1-3%)
5,159995,芯片ETF,2020-07-16,2020-07-21,0.6444,0.6656,3.3,377915.0,5,牛,all,0.669,★MA8动能转负,"MA5仍>MA15,MA8斜率-0.0061<0"
6,159992,创新药ETF,2020-07-21,2020-07-24,1.4498,1.4242,-1.76,-208580.0,3,牛,all,1.516,Trail止损3%,价1.425≤peak1.516×(1-3%)
7,159992,创新药ETF,2020-07-24,2020-08-07,1.4258,1.5372,7.81,907094.0,14,牛,all,1.613,Trail止损3%,价1.538≤peak1.613×(1-3%)
8,159992,创新药ETF,2020-08-07,2020-08-12,1.5388,1.4542,-5.5,-688672.0,5,牛,all,1.538,Trail止损3%,价1.455≤peak1.538×(1-3%)
9,518800,黄金ETF,2020-08-12,2020-08-14,4.2123,4.2966,2.0,236831.0,2,牛,all,4.299,趋势全空,MA5<MA15且MA8斜率-0.0032<0
10,510880,红利ETF,2020-08-14,2020-08-26,1.9951,1.9829,-0.61,-73723.0,12,牛,all,2.059,Trail止损3%,价1.984≤peak2.059×(1-3%)
11,513100,纳指ETF,2020-08-26,2020-09-04,0.9015,0.9685,7.43,891050.0,9,牛,all,1.061,Trail止损3%,价0.969≤peak1.061×(1-3%)
12,513100,纳指ETF,2020-09-04,2020-09-07,0.9695,0.8965,-7.53,-970540.0,3,牛,all,0.969,Trail止损3%,价0.897≤peak0.969×(1-3%)
13,513100,纳指ETF,2020-09-07,2020-09-09,0.8975,0.8955,-0.22,-26367.0,2,牛,all,0.945,Trail止损3%,价0.896≤peak0.945×(1-3%)
14,513100,纳指ETF,2020-09-09,2020-09-10,0.8965,0.9215,2.79,331528.0,1,牛,all,0.922,★MA8动能转负,"MA5仍>MA15,MA8斜率-0.0023<0"
15,511260,十年国债ETF,2020-09-10,2020-09-16,106.6716,106.0586,-0.57,-70224.0,6,牛,all,106.613,★MA8动能转负,"MA5仍>MA15,MA8斜率-0.0001<0"
16,510050,上证50ETF,2020-09-21,2020-09-25,3.0607,2.9774,-2.72,-330753.0,4,牛,all,3.059,★MA8动能转负,"MA5仍>MA15,MA8斜率-0.0003<0"
17,511260,十年国债ETF,2020-09-25,2020-10-12,106.3785,105.5489,-0.78,-92167.0,17,牛,all,106.461,趋势全空,MA5<MA15且MA8斜率-0.0002<0
18,512010,医药ETF,2020-10-13,2020-10-19,0.7174,0.6936,-3.31,-388654.0,6,牛,all,0.717,Trail止损3%,价0.694≤peak0.717×(1-3%)
19,512010,医药ETF,2020-10-19,2020-10-23,0.6944,0.6716,-3.28,-371494.0,4,牛,all,0.701,Trail止损3%,价0.672≤peak0.701×(1-3%)
20,510050,上证50ETF,2020-10-23,2020-10-27,3.1067,3.0413,-2.1,-230797.0,4,牛,def,3.105,★MA8动能转负,"MA5仍>MA15,MA8斜率-0.0016<0"
21,511010,国债ETF,2020-11-02,2020-11-11,117.7517,117.1975,-0.47,-50531.0,9,牛,def,117.724,★MA8动能转负,"MA5仍>MA15,MA8斜率-0.0001<0"
22,510880,红利ETF,2020-11-11,2020-12-03,2.0851,2.1298,2.14,228972.0,22,牛,def,2.199,Trail止损3%,价2.131≤peak2.199×(1-3%)
23,510050,上证50ETF,2020-12-03,2020-12-11,3.2878,3.1753,-3.42,-373641.0,8,牛,def,3.291,Trail止损3%,价3.177≤peak3.291×(1-3%)
24,511010,国债ETF,2020-12-11,2020-12-15,117.1974,117.1635,-0.03,-3049.0,4,牛,def,117.228,★MA8动能转负,"MA5仍>MA15,MA8斜率-0.0000<0"
25,511010,国债ETF,2020-12-17,2021-01-27,117.3105,117.9251,0.52,55210.0,41,牛,def,118.518,★MA8动能转负,"MA5仍>MA15,MA8斜率-0.0000<0"
26,513050,中概互联ETF,2021-01-27,2021-01-28,2.4183,2.3157,-4.24,-449429.0,1,牛,all,2.417,Trail止损3%,价2.317≤peak2.417×(1-3%)
27,513050,中概互联ETF,2021-01-28,2021-02-23,2.3183,2.4546,5.88,596698.0,26,牛,all,2.57,Trail止损3%,价2.456≤peak2.570×(1-3%)
28,512010,医药ETF,2021-02-23,2021-02-24,0.8034,0.7666,-4.59,-492779.0,1,牛,all,0.803,Trail止损3%,价0.767≤peak0.803×(1-3%)
29,510880,红利ETF,2021-02-24,2021-03-10,2.0081,2.0119,0.19,19335.0,14,牛,all,2.082,Trail止损3%,价2.013≤peak2.082×(1-3%)
30,510880,红利ETF,2021-03-10,2021-03-12,2.0141,2.0859,3.56,365712.0,2,牛,all,2.087,MA死叉,MA5<MA15(MA8斜率0.0005仍正)
31,511260,十年国债ETF,2021-03-12,2021-03-19,106.6226,106.2605,-0.34,-36107.0,7,牛,all,106.564,趋势全空,MA5<MA15且MA8斜率-0.0002<0
32,510880,红利ETF,2021-03-19,2021-03-24,2.0851,2.0399,-2.17,-230047.0,5,牛,all,2.11,Trail止损3%,价2.041≤peak2.110×(1-3%)
33,510880,红利ETF,2021-03-24,2021-03-26,2.0421,2.0739,1.55,161100.0,2,牛,all,2.075,★MA8动能转负,"MA5仍>MA15,MA8斜率-0.0018<0"
34,511260,十年国债ETF,2021-03-29,2021-04-30,106.5676,107.4679,0.84,88935.0,32,牛,all,107.692,★MA8动能转负,"MA5仍>MA15,MA8斜率-0.0000<0"
35,159992,创新药ETF,2021-04-30,2021-05-07,1.5438,1.4252,-7.68,-815780.0,7,熊,all,1.543,Trail止损6%,价1.426≤peak1.543×(1-6%)
36,159992,创新药ETF,2021-05-07,2021-05-28,1.4268,1.5222,6.68,655146.0,21,熊,all,1.591,★MA8动能转负,"MA5仍>MA15,MA8斜率-0.0001<0"
37,159915,创业板ETF,2021-05-28,2021-06-10,3.1227,3.1773,1.75,182597.0,13,熊,all,3.195,★MA8动能转负,"MA5仍>MA15,MA8斜率-0.0001<0"
38,512480,半导体ETF,2021-06-10,2021-07-02,0.5703,0.6416,12.51,1330605.0,22,熊,all,0.668,Trail止损3%,价0.642≤peak0.668×(1-3%)
39,512480,半导体ETF,2021-07-02,2021-07-13,0.6424,0.6566,2.22,266180.0,11,牛,all,0.694,Trail止损3%,价0.657≤peak0.694×(1-3%)
40,512480,半导体ETF,2021-07-13,2021-07-16,0.6574,0.6436,-2.09,-255278.0,3,牛,all,0.657,★MA8动能转负,"MA5仍>MA15,MA8斜率-0.0000<0"
41,159915,创业板ETF,2021-07-16,2021-07-26,3.3298,3.2682,-1.85,-221723.0,10,牛,all,3.455,Trail止损3%,价3.270≤peak3.455×(1-3%)
42,159819,人工智能ETF,2021-07-26,2021-07-28,1.0146,0.9915,-2.28,-267751.0,2,牛,all,1.014,★MA8动能转负,"MA5仍>MA15,MA8斜率-0.0002<0"
43,512480,半导体ETF,2021-07-28,2021-08-03,0.7074,0.6976,-1.38,-158741.0,6,牛,all,0.771,Trail止损3%,价0.698≤peak0.771×(1-3%)
44,512480,半导体ETF,2021-08-03,2021-08-10,0.6984,0.6916,-0.97,-109757.0,7,牛,all,0.726,趋势全空,MA5<MA15且MA8斜率-0.0008<0
45,515880,通信ETF,2021-08-10,2021-08-17,0.1811,0.1729,-4.52,-507782.0,7,熊,all,0.181,★MA8动能转负,"MA5仍>MA15,MA8斜率-0.0001<0"
46,512890,中证红利低波ETF,2021-08-17,2021-09-27,0.7464,0.8185,9.66,1035489.0,41,熊,def,0.887,Trail止损6%,价0.819≤peak0.887×(1-6%)
47,511260,十年国债ETF,2021-09-28,2021-10-13,110.6418,110.1764,-0.42,-49428.0,15,熊,def,110.797,★MA8动能转负,"MA5仍>MA15,MA8斜率-0.0001<0"
48,510050,上证50ETF,2021-10-13,2021-10-29,3.0767,3.0503,-0.86,-100279.0,16,熊,def,3.1,★MA8动能转负,"MA5仍>MA15,MA8斜率-0.0002<0"
49,511260,十年国债ETF,2021-11-02,2021-12-10,110.8419,111.2918,0.41,47075.0,38,熊,def,111.476,★MA8动能转负,"MA5仍>MA15,MA8斜率-0.0001<0"
50,510050,上证50ETF,2021-12-10,2021-12-20,3.1397,3.0303,-3.48,-405797.0,10,牛,all,3.143,Trail止损3%,价3.032≤peak3.143×(1-3%)
51,515050,5G通信ETF,2021-12-20,2021-12-22,0.3992,0.4188,4.9,550484.0,2,牛,all,0.419,★MA8动能转负,"MA5仍>MA15,MA8斜率-0.0008<0"
52,512890,中证红利低波ETF,2021-12-22,2022-01-24,0.7954,0.8215,3.28,387064.0,33,牛,all,0.835,★MA8动能转负,"MA5仍>MA15,MA8斜率-0.0000<0"
53,159819,人工智能ETF,2022-01-24,2022-01-27,1.0146,0.9305,-8.29,-1009161.0,3,熊,all,1.014,Trail止损6%,价0.931≤peak1.014×(1-6%)
54,518880,华安黄金ETF,2022-01-27,2022-02-07,3.608,3.618,0.28,31037.0,11,熊,all,3.62,★MA8动能转负,"MA5仍>MA15,MA8斜率-0.0005<0"
55,511010,国债ETF,2022-02-07,2022-02-14,123.9311,123.4771,-0.37,-41038.0,7,熊,all,124.197,★MA8动能转负,"MA5仍>MA15,MA8斜率-0.0002<0"
56,510880,红利ETF,2022-02-14,2022-03-01,2.3243,2.3487,1.05,117294.0,15,熊,all,2.398,MA死叉,MA5<MA15(MA8斜率0.0001仍正)
57,518800,黄金ETF,2022-03-01,2022-03-16,3.9752,3.9828,0.19,21625.0,15,熊,all,4.266,Trail止损6%,价3.985≤peak4.266×(1-6%)
58,159937,博时黄金ETF,2022-03-16,2022-03-18,3.7991,3.8439,1.18,133223.0,2,熊,all,3.846,趋势全空,MA5<MA15且MA8斜率-0.0012<0
59,511260,十年国债ETF,2022-03-18,2022-03-25,112.757,112.691,-0.06,-6691.0,7,熊,all,112.753,★MA8动能转负,"MA5仍>MA15,MA8斜率-0.0000<0"
60,159992,创新药ETF,2022-03-25,2022-04-07,1.1116,1.0704,-3.71,-423446.0,13,熊,all,1.119,★MA8动能转负,"MA5仍>MA15,MA8斜率-0.0000<0"
61,510880,红利ETF,2022-04-07,2022-04-19,2.4914,2.4806,-0.43,-47402.0,12,熊,all,2.535,★MA8动能转负,"MA5仍>MA15,MA8斜率-0.0001<0"
62,518880,华安黄金ETF,2022-04-19,2022-04-27,3.9382,3.8899,-1.23,-134362.0,8,熊,all,3.951,★MA8动能转负,"MA5仍>MA15,MA8斜率-0.0000<0"
63,159937,博时黄金ETF,2022-04-27,2022-04-28,3.8941,3.8839,-0.26,-28557.0,1,熊,all,3.892,★MA8动能转负,"MA5仍>MA15,MA8斜率-0.0009<0"
64,511260,十年国债ETF,2022-05-11,2022-06-08,113.2633,113.5165,0.22,24130.0,28,熊,all,113.987,★MA8动能转负,"MA5仍>MA15,MA8斜率-0.0000<0"
65,513180,恒生科技ETF,2022-06-08,2022-06-21,0.6123,0.6047,-1.25,-135458.0,13,熊,all,0.614,★MA8动能转负,"MA5仍>MA15,MA8斜率-0.0001<0"
66,159915,创业板ETF,2022-06-21,2022-07-12,2.6164,2.6206,0.16,16816.0,21,熊,all,2.769,Trail止损3%,价2.622≤peak2.769×(1-3%)
67,159992,创新药ETF,2022-07-12,2022-07-14,1.0556,1.0754,1.88,200925.0,2,牛,all,1.076,★MA8动能转负,"MA5仍>MA15,MA8斜率-0.0002<0"
68,511260,十年国债ETF,2022-07-14,2022-09-15,113.8466,115.5044,1.46,158692.0,63,牛,all,116.044,趋势全空,MA5<MA15且MA8斜率-0.0001<0
69,512890,中证红利低波ETF,2022-09-15,2022-09-21,0.8895,0.8635,-2.92,-322731.0,6,熊,all,0.889,趋势全空,MA5<MA15且MA8斜率-0.0026<0
70,518800,黄金ETF,2022-09-30,2022-10-21,3.9832,3.9598,-0.59,-62972.0,21,熊,all,4.005,★MA8动能转负,"MA5仍>MA15,MA8斜率-0.0002<0"
71,512010,医药ETF,2022-10-21,2022-10-25,0.4733,0.4438,-6.23,-665230.0,4,熊,all,0.473,Trail止损6%,价0.444≤peak0.473×(1-6%)
72,511260,十年国债ETF,2022-10-25,2022-11-14,115.5495,114.9328,-0.53,-53405.0,20,熊,all,116.125,★MA8动能转负,"MA5仍>MA15,MA8斜率-0.0002<0"
73,159992,创新药ETF,2022-11-14,2022-11-25,0.9825,0.9425,-4.08,-405745.0,11,熊,all,1.002,★MA8动能转负,"MA5仍>MA15,MA8斜率-0.0010<0"
74,518800,黄金ETF,2022-11-25,2022-12-01,4.1553,4.1527,-0.06,-5903.0,6,熊,def,4.157,★MA8动能转负,"MA5仍>MA15,MA8斜率-0.0002<0"
75,512890,中证红利低波ETF,2022-12-01,2022-12-13,0.8585,0.8425,-1.86,-177093.0,12,熊,def,0.866,★MA8动能转负,"MA5仍>MA15,MA8斜率-0.0005<0"
76,510050,上证50ETF,2022-12-13,2022-12-20,2.5064,2.4317,-2.98,-279119.0,7,熊,def,2.522,★MA8动能转负,"MA5仍>MA15,MA8斜率-0.0001<0"
77,518880,华安黄金ETF,2022-12-20,2023-02-08,3.9452,4.0078,1.59,144201.0,50,熊,def,4.125,★MA8动能转负,"MA5仍>MA15,MA8斜率-0.0010<0"
78,159819,人工智能ETF,2023-02-08,2023-02-17,0.7794,0.7796,0.02,1688.0,9,牛,all,0.826,Trail止损3%,价0.780≤peak0.826×(1-3%)
79,515880,通信ETF,2023-02-17,2023-02-27,0.1511,0.1539,1.87,173027.0,10,牛,all,0.155,★MA8动能转负,"MA5仍>MA15,MA8斜率-0.0001<0"
80,510880,红利ETF,2023-02-27,2023-03-14,2.4764,2.4776,0.05,4842.0,15,牛,all,2.528,★MA8动能转负,"MA5仍>MA15,MA8斜率-0.0001<0"
81,588200,科创芯片ETF,2023-03-14,2023-03-27,0.3972,0.4258,7.19,676121.0,13,牛,all,0.441,Trail止损3%,价0.426≤peak0.441×(1-3%)
82,588200,科创芯片ETF,2023-03-27,2023-04-10,0.4262,0.4807,12.79,1289396.0,14,牛,all,0.502,Trail止损3%,价0.481≤peak0.502×(1-3%)
83,588200,科创芯片ETF,2023-04-10,2023-04-13,0.4813,0.4687,-2.6,-295933.0,3,牛,all,0.484,Trail止损3%,价0.469≤peak0.484×(1-3%)
84,588200,科创芯片ETF,2023-04-13,2023-04-21,0.4693,0.4867,3.72,412499.0,8,牛,all,0.516,Trail止损3%,价0.487≤peak0.516×(1-3%)
85,588200,科创芯片ETF,2023-04-21,2023-04-25,0.4873,0.4677,-4.01,-460409.0,4,牛,all,0.487,Trail止损3%,价0.468≤peak0.487×(1-3%)
86,512890,中证红利低波ETF,2023-04-25,2023-05-16,0.9365,0.9465,1.06,117352.0,21,牛,all,1.011,Trail止损6%,价0.947≤peak1.011×(1-6%)
87,510880,红利ETF,2023-05-16,2023-05-18,2.6815,2.6935,0.45,50066.0,2,熊,all,2.695,★MA8动能转负,"MA5仍>MA15,MA8斜率-0.0009<0"
88,513100,纳指ETF,2023-05-18,2023-08-01,0.9685,1.1524,18.98,2125238.0,75,熊,all,1.163,★MA8动能转负,"MA5仍>MA15,MA8斜率-0.0005<0"
89,513180,恒生科技ETF,2023-08-01,2023-08-11,0.6123,0.5827,-4.84,-645229.0,10,熊,all,0.612,★MA8动能转负,"MA5仍>MA15,MA8斜率-0.0015<0"
90,159915,创业板ETF,2023-08-11,2023-08-14,2.1302,2.1118,-0.86,-109102.0,3,熊,all,2.129,★MA8动能转负,"MA5仍>MA15,MA8斜率-0.0004<0"
91,511260,十年国债ETF,2023-08-14,2023-08-31,118.8813,119.2284,0.29,36688.0,17,牛,all,119.686,★MA8动能转负,"MA5仍>MA15,MA8斜率-0.0001<0"
92,513100,纳指ETF,2023-08-31,2023-09-14,1.1406,1.1354,-0.46,-58035.0,14,熊,all,1.143,★MA8动能转负,"MA5仍>MA15,MA8斜率-0.0004<0"
93,518880,华安黄金ETF,2023-09-14,2023-09-28,4.5945,4.4336,-3.5,-439554.0,14,熊,all,4.594,★MA8动能转负,"MA5仍>MA15,MA8斜率-0.0003<0"
94,510880,红利ETF,2023-09-28,2023-10-09,2.6625,2.6545,-0.3,-36034.0,11,熊,def,2.661,★MA8动能转负,"MA5仍>MA15,MA8斜率-0.0001<0"
95,512890,中证红利低波ETF,2023-10-09,2023-10-10,0.9495,0.9355,-1.48,-178443.0,1,熊,def,0.949,★MA8动能转负,"MA5仍>MA15,MA8斜率-0.0000<0"
96,518880,华安黄金ETF,2023-10-20,2023-11-09,4.5995,4.5185,-1.76,-209470.0,20,熊,def,4.62,趋势全空,MA5<MA15且MA8斜率-0.0004<0
97,511260,十年国债ETF,2023-11-09,2023-11-27,119.2836,119.0355,-0.21,-24297.0,18,熊,def,119.355,★MA8动能转负,"MA5仍>MA15,MA8斜率-0.0001<0"
98,159937,博时黄金ETF,2023-12-01,2023-12-13,4.5875,4.5205,-1.46,-170296.0,12,熊,def,4.637,★MA8动能转负,"MA5仍>MA15,MA8斜率-0.0006<0"
99,511260,十年国债ETF,2023-12-13,2024-01-19,119.6828,120.8165,0.95,108826.0,37,熊,def,120.884,★MA8动能转负,"MA5仍>MA15,MA8斜率-0.0000<0"
100,511260,十年国债ETF,2024-01-22,2024-03-14,121.0605,122.2277,0.96,111813.0,52,熊,def,123.028,★MA8动能转负,"MA5仍>MA15,MA8斜率-0.0001<0"
101,518880,华安黄金ETF,2024-03-14,2024-04-23,4.8797,5.2291,7.16,838495.0,40,熊,def,5.504,Trail止损3%,价5.232≤peak5.504×(1-3%)
102,510880,红利ETF,2024-04-23,2024-04-26,2.8896,2.8774,-0.42,-52854.0,3,牛,all,2.908,★MA8动能转负,"MA5仍>MA15,MA8斜率-0.0003<0"
103,513050,中概互联ETF,2024-04-26,2024-05-23,1.0276,1.0954,6.6,824804.0,27,牛,all,1.149,Trail止损3%,价1.096≤peak1.149×(1-3%)
104,159509,纳指科技ETF,2024-05-23,2024-05-24,1.4808,1.4092,-4.83,-643924.0,1,牛,all,1.48,Trail止损3%,价1.410≤peak1.480×(1-3%)
105,159509,纳指科技ETF,2024-05-24,2024-06-05,1.4108,1.4762,4.64,587714.0,12,牛,all,1.481,★MA8动能转负,"MA5仍>MA15,MA8斜率-0.0002<0"
106,588200,科创芯片ETF,2024-06-05,2024-06-24,0.3102,0.3238,4.4,583744.0,19,牛,all,0.336,Trail止损3%,价0.324≤peak0.336×(1-3%)
107,159509,纳指科技ETF,2024-06-24,2024-06-25,1.6759,1.6181,-3.45,-477658.0,1,牛,all,1.675,Trail止损3%,价1.619≤peak1.675×(1-3%)
108,159509,纳指科技ETF,2024-06-25,2024-07-01,1.6199,1.7161,5.94,793672.0,6,牛,all,1.717,★MA8动能转负,"MA5仍>MA15,MA8斜率-0.0002<0"
109,513100,纳指ETF,2024-07-01,2024-07-19,1.4738,1.4702,-0.25,-34780.0,18,熊,all,1.568,Trail止损6%,价1.471≤peak1.568×(1-6%)
110,159995,芯片ETF,2024-07-19,2024-07-25,0.4653,0.4358,-6.34,-895677.0,6,熊,all,0.465,Trail止损6%,价0.436≤peak0.465×(1-6%)
111,588890,科创AIETF,2024-07-25,2024-07-29,1.0726,1.0604,-1.13,-150180.0,4,熊,all,1.081,★MA8动能转负,"MA5仍>MA15,MA8斜率-0.0012<0"
112,511260,十年国债ETF,2024-07-29,2024-08-13,126.0753,125.5029,-0.45,-59392.0,15,熊,all,126.816,★MA8动能转负,"MA5仍>MA15,MA8斜率-0.0002<0"
113,511010,国债ETF,2024-08-13,2024-08-14,134.1928,134.1722,-0.02,-1999.0,1,熊,all,134.246,★MA8动能转负,"MA5仍>MA15,MA8斜率-0.0002<0"
114,159937,博时黄金ETF,2024-08-16,2024-09-03,5.452,5.493,0.75,97873.0,18,熊,def,5.532,★MA8动能转负,"MA5仍>MA15,MA8斜率-0.0001<0"
115,511010,国债ETF,2024-09-03,2024-09-30,134.8731,134.2801,-0.44,-57683.0,27,熊,def,135.507,★MA8动能转负,"MA5仍>MA15,MA8斜率-0.0000<0"
116,510050,上证50ETF,2024-09-30,2024-10-09,2.7755,2.6266,-5.37,-701032.0,9,熊,def,2.843,Trail止损6%,价2.628≤peak2.843×(1-6%)
117,510050,上证50ETF,2024-10-09,2024-10-15,2.6294,2.6216,-0.3,-37079.0,6,熊,def,2.717,Trail止损3%,价2.623≤peak2.717×(1-3%)
118,510050,上证50ETF,2024-10-15,2024-10-18,2.6244,2.6585,1.3,160090.0,3,牛,def,2.66,★MA8动能转负,"MA5仍>MA15,MA8斜率-0.0002<0"
119,512480,半导体ETF,2024-10-18,2024-10-23,0.4833,0.4877,0.92,115359.0,5,牛,all,0.504,Trail止损3%,价0.488≤peak0.504×(1-3%)
120,512480,半导体ETF,2024-10-23,2024-11-01,0.4883,0.4717,-3.39,-426461.0,9,牛,all,0.493,Trail止损3%,价0.472≤peak0.493×(1-3%)
121,159995,芯片ETF,2024-11-01,2024-11-04,0.5723,0.5807,1.46,177925.0,3,牛,all,0.581,★MA8动能转负,"MA5仍>MA15,MA8斜率-0.0023<0"
122,159937,博时黄金ETF,2024-11-04,2024-11-06,5.9963,5.9857,-0.18,-21811.0,2,牛,all,5.998,★MA8动能转负,"MA5仍>MA15,MA8斜率-0.0001<0"
123,515880,通信ETF,2024-11-06,2024-11-14,0.2361,0.2409,2.01,247349.0,8,牛,all,0.252,Trail止损3%,价0.241≤peak0.252×(1-3%)
124,588890,科创AIETF,2024-11-14,2024-11-15,1.6779,1.5991,-4.7,-590598.0,1,牛,all,1.677,Trail止损3%,价1.600≤peak1.677×(1-3%)
125,588890,科创AIETF,2024-11-15,2024-11-20,1.6009,1.6261,1.58,188846.0,5,牛,all,1.635,★MA8动能转负,"MA5仍>MA15,MA8斜率-0.0019<0"
126,513100,纳指ETF,2024-11-20,2024-11-21,1.5218,1.5092,-0.83,-101328.0,1,牛,all,1.521,★MA8动能转负,"MA5仍>MA15,MA8斜率-0.0001<0"
127,511260,十年国债ETF,2024-11-21,2025-01-17,127.6202,131.9804,3.42,412461.0,57,牛,all,132.521,★MA8动能转负,"MA5仍>MA15,MA8斜率-0.0002<0"
128,159937,博时黄金ETF,2025-01-17,2025-02-27,6.1324,6.4824,5.71,712689.0,41,牛,all,6.608,★MA8动能转负,"MA5仍>MA15,MA8斜率-0.0001<0"
129,588200,科创芯片ETF,2025-02-27,2025-03-03,0.5743,0.5317,-7.42,-979122.0,4,熊,all,0.574,Trail止损6%,价0.532≤peak0.574×(1-6%)
130,588890,科创AIETF,2025-03-03,2025-03-12,1.792,1.879,4.85,593069.0,9,熊,all,1.925,★MA8动能转负,"MA5仍>MA15,MA8斜率-0.0018<0"
131,513050,中概互联ETF,2025-03-12,2025-03-20,1.4938,1.5302,2.43,311636.0,8,牛,all,1.595,Trail止损3%,价1.531≤peak1.595×(1-3%)
132,513050,中概互联ETF,2025-03-20,2025-03-25,1.5318,1.4712,-3.96,-519596.0,5,牛,all,1.531,Trail止损3%,价1.472≤peak1.531×(1-3%)
133,159937,博时黄金ETF,2025-03-25,2025-04-28,6.7627,7.4519,10.19,1284414.0,34,牛,all,7.967,Trail止损6%,价7.456≤peak7.967×(1-6%)
134,159937,博时黄金ETF,2025-04-28,2025-05-06,7.4601,7.5928,1.78,247077.0,8,熊,all,7.597,★MA8动能转负,"MA5仍>MA15,MA8斜率-0.0011<0"
135,159992,创新药ETF,2025-05-06,2025-06-19,0.7394,0.7746,4.76,672283.0,44,熊,all,0.837,Trail止损6%,价0.775≤peak0.837×(1-6%)
136,515880,通信ETF,2025-06-19,2025-09-02,0.2271,0.4248,87.02,12885149.0,75,熊,all,0.451,Trail止损3%,价0.425≤peak0.451×(1-3%)
137,515880,通信ETF,2025-09-02,2025-09-04,0.4252,0.3928,-7.63,-2113232.0,2,牛,all,0.433,Trail止损3%,价0.393≤peak0.433×(1-3%)
138,515880,通信ETF,2025-09-04,2025-09-08,0.3932,0.3988,1.42,361972.0,4,牛,all,0.42,Trail止损3%,价0.399≤peak0.420×(1-3%)
139,515880,通信ETF,2025-09-08,2025-09-11,0.3992,0.4498,12.66,3283627.0,3,牛,all,0.45,趋势全空,MA5<MA15且MA8斜率-0.0049<0
140,518800,黄金ETF,2025-09-11,2025-10-20,8.3096,9.7117,16.87,4931156.0,39,牛,all,10.03,Trail止损3%,价9.717≤peak10.030×(1-3%)
141,518800,黄金ETF,2025-10-20,2025-10-22,9.7223,9.5398,-1.88,-641479.0,2,牛,all,9.948,Trail止损3%,价9.545≤peak9.948×(1-3%)
142,159937,博时黄金ETF,2025-10-22,2025-10-28,9.087,8.5723,-5.66,-1898354.0,6,牛,all,9.082,Trail止损3%,价8.577≤peak9.082×(1-3%)
143,159509,纳指科技ETF,2025-10-28,2025-11-05,2.2602,2.2108,-2.19,-691831.0,8,牛,all,2.291,Trail止损3%,价2.212≤peak2.291×(1-3%)
144,515880,通信ETF,2025-11-05,2025-11-07,0.4492,0.4547,1.22,378790.0,2,牛,all,0.46,趋势全空,MA5<MA15且MA8斜率-0.0025<0
145,513100,纳指ETF,2025-11-07,2025-11-10,1.9251,1.9499,1.29,404387.0,3,牛,all,1.951,★MA8动能转负,"MA5仍>MA15,MA8斜率-0.0007<0"
146,159301,自由现金流ETF,2025-11-10,2025-11-18,1.0156,0.9795,-3.55,-1127019.0,8,牛,all,1.015,Trail止损3%,价0.980≤peak1.015×(1-3%)
147,518800,黄金ETF,2025-11-18,2025-11-24,9.2061,9.2849,0.86,261855.0,6,牛,all,9.384,趋势全空,MA5<MA15且MA8斜率-0.0005<0
148,511260,十年国债ETF,2025-11-24,2025-11-27,132.5509,131.9944,-0.42,-129488.0,3,牛,all,132.478,趋势全空,MA5<MA15且MA8斜率-0.0000<0
149,159509,纳指科技ETF,2025-12-01,2025-12-15,2.2692,2.3037,1.52,466731.0,14,牛,all,2.395,Trail止损3%,价2.305≤peak2.395×(1-3%)
150,515880,通信ETF,2025-12-15,2025-12-23,0.4843,0.5117,5.67,1767515.0,8,牛,all,0.514,★MA8动能转负,"MA5仍>MA15,MA8斜率-0.0013<0"
151,588170,科创半导体ETF,2025-12-23,2026-01-13,0.5103,0.5607,9.88,3254865.0,21,牛,all,0.584,Trail止损3%,价0.561≤peak0.584×(1-3%)
152,588170,科创半导体ETF,2026-01-13,2026-01-22,0.5613,0.6177,10.04,3634430.0,9,牛,all,0.639,Trail止损3%,价0.618≤peak0.639×(1-3%)
153,588170,科创半导体ETF,2026-01-22,2026-01-26,0.6183,0.6037,-2.37,-945246.0,4,牛,all,0.627,Trail止损3%,价0.604≤peak0.627×(1-3%)
154,588170,科创半导体ETF,2026-01-26,2026-01-29,0.6043,0.6027,-0.28,-107075.0,3,牛,all,0.631,Trail止损3%,价0.603≤peak0.631×(1-3%)
155,518880,华安黄金ETF,2026-01-29,2026-01-30,11.9105,11.0029,-7.62,-2955406.0,1,牛,all,11.904,Trail止损3%,价11.009≤peak11.904×(1-3%)
156,518880,华安黄金ETF,2026-01-30,2026-02-02,11.0151,9.9026,-10.1,-3618642.0,3,牛,all,11.009,Trail止损3%,价9.908≤peak11.009×(1-3%)
157,518880,华安黄金ETF,2026-02-02,2026-02-05,9.9134,10.5172,6.09,1961700.0,3,牛,all,10.867,Trail止损3%,价10.523≤peak10.867×(1-3%)
158,515880,通信ETF,2026-02-05,2026-02-09,0.5133,0.5377,4.76,1625889.0,4,牛,all,0.538,趋势全空,MA5<MA15且MA8斜率-0.0021<0
159,510880,红利ETF,2026-02-09,2026-03-23,3.1457,3.2322,2.75,984258.0,42,牛,all,3.381,Trail止损3%,价3.234≤peak3.381×(1-3%)
160,159915,创业板ETF,2026-03-23,2026-03-25,3.2298,3.3052,2.33,858748.0,2,牛,all,3.307,★MA8动能转负,"MA5仍>MA15,MA8斜率-0.0019<0"
161,511010,国债ETF,2026-03-25,2026-04-14,139.4997,139.5772,0.06,20914.0,20,牛,all,139.69,★MA8动能转负,"MA5仍>MA15,MA8斜率-0.0000<0"
162,515880,通信ETF,2026-04-14,2026-04-28,0.6203,0.6636,6.98,2628410.0,14,熊,all,0.707,Trail止损6%,价0.664≤peak0.707×(1-6%)
163,515050,5G通信ETF,2026-04-28,2026-05-15,0.9875,1.1074,12.14,4889568.0,17,熊,all,1.156,Trail止损3%,价1.108≤peak1.156×(1-3%)
164,588200,科创芯片ETF,2026-05-15,2026-05-21,1.1416,1.1893,4.18,1888421.0,6,牛,all,1.255,Trail止损3%,价1.190≤peak1.255×(1-3%)
165,588170,科创半导体ETF,2026-05-21,2026-05-27,0.8455,0.8545,1.07,504658.0,6,牛,all,0.906,Trail止损3%,价0.855≤peak0.906×(1-3%)
166,588170,科创半导体ETF,2026-05-27,2026-05-29,0.8555,0.8156,-4.67,-2219893.0,2,牛,all,0.869,Trail止损3%,价0.816≤peak0.869×(1-3%)
167,159995,芯片ETF,2026-05-29,2026-06-01,1.2467,1.1784,-5.48,-2485888.0,3,牛,all,1.246,Trail止损3%,价1.179≤peak1.246×(1-3%)
168,159995,芯片ETF,2026-06-01,2026-06-03,1.1796,1.2413,5.23,2240947.0,2,牛,all,1.242,★MA8动能转负,"MA5仍>MA15,MA8斜率-0.0040<0"
169,513100,纳指ETF,2026-06-03,2026-06-05,2.3003,2.2038,-4.19,-1891900.0,2,牛,all,2.299,Trail止损3%,价2.205≤peak2.299×(1-3%)
170,159509,纳指科技ETF,2026-06-05,2026-06-08,2.7155,2.6296,-3.16,-1367693.0,3,牛,all,2.714,Trail止损3%,价2.631≤peak2.714×(1-3%)
171,515880,通信ETF,2026-06-08,2026-06-10,0.8014,0.8146,1.64,684617.0,2,牛,all,0.848,Trail止损3%,价0.815≤peak0.848×(1-3%)
172,515880,通信ETF,2026-06-10,2026-06-16,0.8154,0.8645,6.02,2559744.0,6,牛,all,0.865,★MA8动能转负,"MA5仍>MA15,MA8斜率-0.0005<0"
173,588170,科创半导体ETF,2026-06-16,2026-07-02,0.9425,1.2343,30.96,13960598.0,16,牛,all,1.392,Trail止损3%,价1.235≤peak1.392×(1-3%)
174,588170,科创半导体ETF,2026-07-02,2026-07-03,1.2357,1.1923,-3.51,-2070999.0,1,牛,all,1.235,Trail止损3%,价1.193≤peak1.235×(1-3%)
175,588170,科创半导体ETF,2026-07-03,2026-07-10,1.1937,1.2913,8.18,4660764.0,7,牛,all,1.397,Trail止损3%,价1.292≤peak1.397×(1-3%)
176,589720,半导体设备ETF,2026-07-10,2026-07-16,0.9515,0.9815,3.15,1939410.0,6,牛,all,0.996,★MA8动能转负,"MA5仍>MA15,MA8斜率-0.0003<0"
177,159992,创新药ETF,2026-07-16,2026-07-17,0.9095,0.8425,-7.36,-4681363.0,1,牛,all,0.909,Trail止损3%,价0.843≤peak0.909×(1-3%)
178,513050,中概互联ETF,2026-07-17,2026-07-22,1.0976,1.0814,-1.48,-869261.0,5,牛,all,1.137,Trail止损3%,价1.082≤peak1.137×(1-3%)
179,513050,中概互联ETF,2026-07-22,2026-07-27,1.0826,1.0894,0.63,364798.0,5,牛,all,1.095,★MA8动能转负,"MA5仍>MA15,MA8斜率-0.0006<0"
180,510880,红利ETF,2026-07-27,2026-07-31,3.2338,3.3022,2.12,1235280.0,4,牛,all,3.312,末仓,回测结束
